Booking number,Booking Date,Status,Check-in date,Check-out date,nights,Price per night without tax,Rent with VAT on top,Rent without VAT,Extras with VAT on top,Extras without VAT,Booking total with tax,Booking total without tax,Total tax,Paid,Adults,Children,Babies,Accommodation name,Property ID,Building,City,Portal / Agent,Website of origin,Booking window,Check-in Month,Season,Check-in Day,Weekend
TEST1,2024-08-15,Paid,2024-12-05,2024-12-10,5.0,151.8,759.0,759.0,65.0,65.0,849.0,824.0,25.0,824.0,5,0,0,Test home 1,123456,Test Modern apartments,Madrid,booking.com,www.booking.com,112,12,Medium,Thursday,False
TEST2,2024-08-07,Confirmed,2024-08-07,2024-08-08,1.0,158.4,158.4,158.4,65.0,65.0,227.4,223.4,4.0,223.4,4,1,0,Test home 1,123456,Test Modern apartments,Madrid,booking.com,www.booking.com,0,8,High,Wednesday,False
TEST3,2024-07-29,Confirmed,2024-07-30,2024-08-01,2.0,118.1,236.2,236.2,55.0,55.0,297.2,291.2,6.0,291.2,3,0,0,Test home 1,123456,Test Modern apartments,Madrid,booking.com,www.booking.com,1,7,Medium,Tuesday,False
TEST4,2024-07-26,Confirmed,2024-07-26,2024-07-29,3.0,204.71,614.14,614.14,65.0,65.0,691.14,679.14,12.0,679.14,4,0,0,Test home 1,123456,Test Modern apartments,Madrid,booking.com,www.booking.com,0,7,Medium,Friday,False
TEST5,2024-07-23,Confirmed,2024-08-08,2024-08-31,23.0,234.13,5384.9,5384.9,65.0,65.0,5463.9,5449.9,14.0,5449.9,2,0,0,Test home 1,123456,Test Modern apartments,Madrid,Airbnb.com,www.airbnb.com,16,8,High,Thursday,False
TEST6,2024-07-18,Confirmed,2024-07-19,2024-07-22,3.0,234.49,703.47,703.47,65.0,65.0,780.47,768.47,12.0,780.47,4,1,0,Test home 1,123456,Test Modern apartments,Madrid,Homeaway.com,www.vrbo.com,1,7,Medium,Friday,False
TEST7,2024-07-15,Paid,2024-09-06,2024-09-10,4.0,320.65,1282.6,1282.6,65.0,65.0,1359.6,1347.6,12.0,1347.6,3,0,0,Test home 1,123456,Test Modern apartments,Madrid,booking.com,www.booking.com,53,9,High,Friday,False
TEST8,2024-07-11,Confirmed,2024-08-01,2024-08-07,6.0,254.79,1528.75,1528.75,65.0,65.0,1593.75,1593.75,0.0,1593.75,4,0,0,Test home 1,123456,Test Modern apartments,Madrid,Airbnb.com,www.airbnb.com,21,8,High,Thursday,False
TEST9,2024-07-03,Confirmed,2024-07-03,2024-07-04,1.0,153.45,153.45,153.45,65.0,65.0,222.45,218.45,4.0,218.45,4,2,0,Test home 1,123456,Test Modern apartments,Madrid,booking.com,www.booking.com,0,7,Medium,Wednesday,False
TEST10,2024-07-01,Confirmed,2024-07-01,2024-07-03,2.0,132.0,264.0,264.0,65.0,65.0,329.0,329.0,0.0,329.0,1,0,0,Test home 1,123456,Test Modern apartments,Madrid,Airbnb.com,www.airbnb.com,0,7,Medium,Monday,False
TEST11,2024-06-30,Confirmed,2024-07-12,2024-07-19,7.0,270.32,1892.27,1892.27,65.0,65.0,1992.27,1957.27,35.0,1957.27,4,2,0,Test home 1,123456,Test Modern apartments,Madrid,booking.com,www.booking.com,12,7,Medium,Friday,False
TEST12,2024-06-29,Confirmed,2024-07-04,2024-07-08,4.0,229.19,916.74,916.74,65.0,65.0,997.74,981.74,16.0,981.74,4,0,0,Test home 1,123456,Test Modern apartments,Madrid,booking.com,www.booking.com,5,7,Medium,Thursday,False
TEST13,2024-06-21,Confirmed,2024-07-10,2024-07-12,2.0,233.0,466.0,466.0,65.0,65.0,531.0,531.0,0.0,531.0,5,0,0,Test home 1,123456,Test Modern apartments,Madrid,Airbnb.com,www.airbnb.com,19,7,Medium,Wednesday,False
TEST14,2024-06-19,Confirmed,2024-06-19,2024-06-20,1.0,143.55,143.55,143.55,65.0,65.0,212.55,208.55,4.0,212.55,4,0,0,Test home 1,123456,Test Modern apartments,Madrid,booking.com,www.booking.com,0,6,Medium,Wednesday,False
TEST15,2024-06-16,Confirmed,2024-07-22,2024-07-25,3.0,312.51,937.53,937.53,65.0,65.0,1014.53,1002.53,12.0,1002.53,4,0,0,Test home 1,123456,Test Modern apartments,Madrid,booking.com,www.booking.com,36,7,Medium,Monday,False
TEST17,2024-06-07,Confirmed,2024-06-13,2024-06-14,1.0,207.0,207.0,207.0,65.0,65.0,272.0,272.0,0.0,272.0,3,0,0,Test home 1,123456,Test Modern apartments,Madrid,Airbnb.com,www.airbnb.com,6,6,Medium,Thursday,False
TEST18,2024-06-07,Confirmed,2024-06-10,2024-06-13,3.0,206.91,620.73,620.73,65.0,65.0,694.73,685.73,9.0,685.73,3,0,0,Test home 1,123456,Test Modern apartments,Madrid,booking.com,www.booking.com,3,6,Medium,Monday,False
TEST19,2024-05-31,Confirmed,2024-06-03,2024-06-07,4.0,197.01,788.04,788.04,246.56,246.56,1046.6,1034.6,12.0,1046.6,3,0,0,Test home 1,123456,Test Modern apartments,Madrid,booking.com,www.booking.com,3,6,Medium,Monday,False
TEST20,2024-05-25,Confirmed,2024-05-25,2024-05-31,6.0,201.8,1210.77,1210.77,65.0,65.0,1299.77,1275.77,24.0,0.0,4,0,0,Test home 1,123456,Test Modern apartments,Madrid,booking.com,www.booking.com,0,5,Medium,Saturday,True
TEST21,2024-05-21,Confirmed,2024-05-31,2024-06-03,3.0,459.42,1378.26,1378.26,65.0,65.0,1464.26,1443.26,21.0,1464.26,7,0,0,Test home 1,123456,Test Modern apartments,Madrid,Homeaway.com,www.vrbo.com,10,5,Medium,Friday,False
TEST22,2024-05-19,Confirmed,2024-05-19,2024-05-20,1.0,307.0,307.0,307.0,65.0,65.0,372.0,372.0,0.0,372.0,1,0,0,Test home 1,123456,Test Modern apartments,Madrid,Airbnb.com,www.airbnb.com,0,5,Medium,Sunday,True
TEST23,2024-05-16,Confirmed,2024-05-16,2024-05-19,3.0,289.33,868.0,868.0,65.0,65.0,933.0,933.0,0.0,933.0,4,1,0,Test home 1,123456,Test Modern apartments,Madrid,Airbnb.com,www.airbnb.com,0,5,Medium,Thursday,False
TEST24,2024-04-30,Confirmed,2024-06-23,2024-06-30,7.0,317.48,2222.37,2222.37,65.0,65.0,2322.37,2287.37,35.0,2322.37,5,1,0,Test home 1,123456,Test Modern apartments,Madrid,Homeaway.com,www.vrbo.com,54,6,Medium,Sunday,True
TEST25,2024-04-25,Confirmed,2024-04-25,2024-04-26,1.0,222.75,222.75,222.75,65.0,65.0,291.75,287.75,4.0,287.75,4,3,0,Test home 1,123456,Test Modern apartments,Madrid,booking.com,www.booking.com,0,4,Medium,Thursday,False
TEST26,2024-04-21,Confirmed,2024-05-02,2024-05-15,13.0,330.44,4295.71,4295.71,65.0,65.0,4402.71,4360.71,42.0,4360.71,6,0,0,Test home 1,123456,Test Modern apartments,Madrid,Homes & Villas by Marriott International,homes-and-villas.marriott.com,11,5,Medium,Thursday,False
TEST27,2024-04-15,Confirmed,2024-04-15,2024-04-16,1.0,128.7,128.7,128.7,65.0,65.0,196.7,193.7,3.0,193.7,3,0,0,Test home 1,123456,Test Modern apartments,Madrid,booking.com,www.booking.com,0,4,Medium,Monday,False
TEST28,2024-04-13,Confirmed,2024-06-14,2024-06-18,4.0,447.17,1788.68,1788.68,65.0,65.0,1881.68,1853.68,28.0,1881.68,7,0,0,Test home 1,123456,Test Modern apartments,Madrid,Homeaway.com,www.vrbo.com,62,6,Medium,Friday,False
TEST29,2024-04-09,Confirmed,2024-04-12,2024-04-15,3.0,249.81,749.43,749.43,65.0,65.0,829.43,814.43,15.0,829.43,5,0,0,Test home 1,123456,Test Modern apartments,Madrid,booking.com,www.booking.com,3,4,Medium,Friday,False
TEST30,2024-04-05,Confirmed,2024-04-26,2024-05-01,5.0,426.78,2133.9,2133.9,65.0,65.0,2213.9,2198.9,15.0,2213.9,3,0,0,Test home 1,123456,Test Modern apartments,Madrid,Airbnb.com,www.airbnb.com,21,4,Medium,Friday,False
TEST31,2024-04-02,Confirmed,2024-04-03,2024-04-04,1.0,95.0,95.0,95.0,65.0,65.0,164.0,160.0,4.0,164.0,4,0,0,Test home 1,123456,Test Modern apartments,Madrid,Olalahomes.com,www.olalahomes.com,1,4,Medium,Wednesday,False
TEST32,2024-04-02,Confirmed,2024-04-23,2024-04-25,2.0,390.06,780.12,780.12,65.0,65.0,851.12,845.12,6.0,845.12,3,0,0,Test home 1,123456,Test Modern apartments,Madrid,booking.com,www.booking.com,21,4,Medium,Tuesday,False
TEST33,2024-03-27,Confirmed,2024-04-16,2024-04-18,2.0,199.35,398.7,398.7,65.0,65.0,469.7,463.7,6.0,469.7,3,0,0,Test home 1,123456,Test Modern apartments,Madrid,Olalahomes.com,www.olalahomes.com,20,4,Medium,Tuesday,False
TEST34,2024-03-26,Confirmed,2024-04-04,2024-04-12,8.0,223.91,1791.24,1791.24,65.0,65.0,1891.24,1856.24,35.0,1856.24,5,0,0,Test home 1,123456,Test Modern apartments,Madrid,Airbnb.com,www.airbnb.com,9,4,Medium,Thursday,False
TEST35,2024-03-26,Confirmed,2024-03-28,2024-03-30,2.0,234.63,469.26,469.26,65.0,65.0,542.26,534.26,8.0,542.26,4,3,0,Test home 1,123456,Test Modern apartments,Madrid,booking.com,www.booking.com,2,3,Low,Thursday,False
TEST36,2024-03-25,Confirmed,2024-05-20,2024-05-24,4.0,293.15,1172.6,1172.6,65.0,65.0,1261.6,1237.6,24.0,1261.6,6,0,0,Test home 1,123456,Test Modern apartments,Madrid,booking.com,www.booking.com,56,5,Medium,Monday,False
TEST37,2024-03-19,Confirmed,2024-03-20,2024-03-21,1.0,112.86,112.86,112.86,102.98,102.98,218.84,215.84,3.0,218.84,3,0,0,Test home 1,123456,Test Modern apartments,Madrid,booking.com,www.booking.com,1,3,Low,Wednesday,False
TEST38,2024-03-17,Confirmed,2024-04-19,2024-04-23,4.0,298.58,1194.3,1194.3,65.0,65.0,1267.3,1259.3,8.0,1259.3,4,0,0,Test home 1,123456,Test Modern apartments,Madrid,Airbnb.com,www.airbnb.com,33,4,Medium,Friday,False
TEST39,2024-03-14,Confirmed,2024-03-19,2024-03-20,1.0,204.93,204.93,204.93,65.0,65.0,275.93,269.93,6.0,275.93,6,0,0,Test home 1,123456,Test Modern apartments,Madrid,booking.com,www.booking.com,5,3,Low,Tuesday,False
TEST40,2024-03-10,Confirmed,2024-03-30,2024-04-03,4.0,207.23,828.9,828.9,65.0,65.0,913.9,893.9,20.0,893.9,5,0,0,Test home 1,123456,Test Modern apartments,Madrid,Airbnb.com,www.airbnb.com,20,3,Low,Saturday,True
TEST41,2024-03-03,Confirmed,2024-03-03,2024-03-06,3.0,91.67,275.0,275.0,65.0,65.0,348.0,340.0,8.0,348.0,4,0,0,Test home 1,123456,Test Modern apartments,Madrid,Airbnb.com,www.airbnb.com,0,3,Low,Sunday,True
TEST42,2024-03-02,Confirmed,2024-03-02,2024-03-03,1.0,117.8,117.8,117.8,0.0,0.0,121.8,117.8,4.0,121.8,4,0,0,Test home 1,123456,Test Modern apartments,Madrid,Extension (direct),Direct,0,3,Low,Saturday,True
TEST43,2024-03-01,Confirmed,2024-03-01,2024-03-02,1.0,105.0,105.0,105.0,65.0,65.0,178.0,170.0,8.0,178.0,4,0,0,Test home 1,123456,Test Modern apartments,Madrid,Olalahomes.com,www.olalahomes.com,0,3,Low,Friday,False
TEST44,2024-02-26,Confirmed,2024-02-26,2024-03-01,4.0,255.17,1020.69,1020.69,65.0,65.0,1097.69,1085.69,12.0,1097.69,3,0,0,Test home 1,123456,Test Modern apartments,Madrid,booking.com,www.booking.com,0,2,Low,Monday,False
TEST45,2024-02-25,Confirmed,2024-03-21,2024-03-26,5.0,206.0,1030.0,1030.0,65.0,65.0,1115.0,1095.0,20.0,1115.0,4,0,0,Test home 1,123456,Test Modern apartments,Madrid,Airbnb.com,www.airbnb.com,25,3,Low,Thursday,False
TEST46,2024-02-08,Confirmed,2024-02-10,2024-02-12,2.0,127.71,255.42,255.42,65.0,65.0,328.42,320.42,8.0,328.42,4,1,0,Test home 1,123456,Test Modern apartments,Madrid,booking.com,www.booking.com,2,2,Low,Saturday,True
TEST47,2024-02-08,Confirmed,2024-03-11,2024-03-18,7.0,204.62,1432.33,1432.33,382.99,382.99,1832.26,1815.32,16.94,1832.26,2,0,0,Test home 1,123456,Test Modern apartments,Madrid,booking.com,www.booking.com,32,3,Low,Monday,False
TEST48,2024-02-05,Confirmed,2024-03-06,2024-03-10,4.0,238.59,954.36,954.36,65.0,65.0,1047.36,1019.36,28.0,1047.36,7,0,0,Test home 1,123456,Test Modern apartments,Madrid,booking.com,www.booking.com,30,3,Low,Wednesday,False
TEST49,2024-01-27,Confirmed,2024-01-27,2024-01-28,1.0,102.96,102.96,102.96,65.0,65.0,172.96,167.96,5.0,172.96,5,0,0,Test home 1,123456,Test Modern apartments,Madrid,booking.com,www.booking.com,0,1,Low,Saturday,True
TEST50,2024-01-15,Confirmed,2024-02-12,2024-02-26,14.0,225.97,3163.53,3163.53,65.0,65.0,3256.53,3228.53,28.0,3256.53,4,0,0,Test home 1,123456,Test Modern apartments,Madrid,booking.com,www.booking.com,28,2,Low,Monday,False
TEST51,2024-01-10,Confirmed,2024-01-18,2024-01-21,3.0,114.43,343.29,343.29,65.0,65.0,429.29,408.29,21.0,429.29,7,0,0,Test home 1,123456,Test Modern apartments,Madrid,booking.com,www.booking.com,8,1,Low,Thursday,False
TEST52,2024-01-05,Confirmed,2024-01-08,2024-01-12,4.0,83.6,334.4,334.4,65.0,65.0,411.4,399.4,12.0,411.4,4,1,0,Test home 1,123456,Test Modern apartments,Madrid,Airbnb.com,www.airbnb.com,3,1,Low,Monday,False
TEST53,2024-01-03,Confirmed,2024-01-25,2024-01-27,2.0,141.75,283.5,283.5,65.0,65.0,358.5,348.5,10.0,358.5,5,0,0,Test home 1,123456,Test Modern apartments,Madrid,Airbnb.com,www.airbnb.com,22,1,Low,Thursday,False
TEST54,2024-01-03,Confirmed,2024-01-28,2024-02-04,7.0,181.12,1267.87,1267.87,65.0,65.0,1360.87,1332.87,28.0,1360.87,4,0,0,Test home 1,123456,Test Modern apartments,Madrid,booking.com,www.booking.com,25,1,Low,Sunday,True
TEST55,2024-01-02,Confirmed,2024-01-13,2024-01-17,4.0,87.64,350.57,350.57,65.0,65.0,435.57,415.57,20.0,435.57,5,0,0,Test home 1,123456,Test Modern apartments,Madrid,Airbnb.com,www.airbnb.com,11,1,Low,Saturday,True
TEST56,2023-12-25,Confirmed,2023-12-26,2023-12-29,3.0,164.9,494.7,494.7,65.0,65.0,571.7,559.7,12.0,571.7,4,3,0,Test home 1,123456,Test Modern apartments,Madrid,booking.com,www.booking.com,1,12,Medium,Tuesday,False
TEST57,2023-12-20,Confirmed,2024-02-05,2024-02-09,4.0,97.81,391.25,391.25,65.0,65.0,468.25,456.25,12.0,468.25,3,2,0,Test home 1,123456,Test Modern apartments,Madrid,booking.com,www.booking.com,47,2,Low,Monday,False
TEST58,2023-12-13,Confirmed,2023-12-22,2023-12-26,4.0,155.61,622.45,622.45,65.0,65.0,703.45,687.45,16.0,687.45,4,0,0,Test home 1,123456,Test Modern apartments,Madrid,Airbnb.com,www.airbnb.com,9,12,Medium,Friday,False
TEST59,2023-12-07,Confirmed,2023-12-08,2023-12-11,3.0,108.79,326.36,326.36,65.0,65.0,400.36,391.36,9.0,400.36,3,1,0,Test home 1,123456,Test Modern apartments,Madrid,booking.com,www.booking.com,1,12,Medium,Friday,False
TEST60,2023-12-05,Confirmed,2023-12-05,2023-12-08,3.0,85.9,257.71,257.71,65.0,65.0,328.71,322.71,6.0,328.71,2,0,0,Test home 1,123456,Test Modern apartments,Madrid,booking.com,www.booking.com,0,12,Medium,Tuesday,False
TEST61,2023-12-02,Confirmed,2023-12-02,2023-12-03,1.0,104.0,104.0,104.0,65.0,65.0,173.0,169.0,4.0,169.0,4,0,0,Test home 1,123456,Test Modern apartments,Madrid,Airbnb.com,www.airbnb.com,0,12,Medium,Saturday,True
TEST62,2023-11-30,Confirmed,2024-01-21,2024-01-23,2.0,95.4,190.8,190.8,65.0,65.0,263.8,255.8,8.0,255.8,4,0,0,Test home 1,123456,Test Modern apartments,Madrid,Airbnb.com,www.airbnb.com,52,1,Low,Sunday,True
TEST63,2023-11-29,Confirmed,2023-12-19,2023-12-21,2.0,110.7,221.4,221.4,65.0,65.0,292.4,286.4,6.0,292.4,3,0,0,Test home 1,123456,Test Modern apartments,Madrid,Airbnb.com,www.airbnb.com,20,12,Medium,Tuesday,False
TEST64,2023-11-23,Confirmed,2024-01-05,2024-01-08,3.0,151.2,453.6,453.6,65.0,65.0,533.6,518.6,15.0,518.6,5,0,0,Test home 1,123456,Test Modern apartments,Madrid,Airbnb.com,www.airbnb.com,43,1,Low,Friday,False
TEST65,2023-11-21,Confirmed,2023-12-29,2024-01-05,7.0,288.36,2018.52,2018.52,65.0,65.0,2118.52,2083.52,35.0,2118.52,5,0,0,Test home 1,123456,Test Modern apartments,Madrid,Airbnb.com,www.airbnb.com,38,12,Medium,Friday,False
TEST66,2023-11-19,Confirmed,2023-12-13,2023-12-18,5.0,117.02,585.09,585.09,65.0,65.0,680.09,650.09,30.0,680.09,6,0,0,Test home 1,123456,Test Modern apartments,Madrid,booking.com,www.booking.com,24,12,Medium,Wednesday,False
TEST67,2023-11-14,Confirmed,2023-11-14,2023-11-15,1.0,91.0,91.0,91.0,65.0,65.0,160.0,156.0,4.0,156.0,4,0,0,Test home 1,123456,Test Modern apartments,Madrid,Airbnb.com,www.airbnb.com,0,11,Medium,Tuesday,False
TEST68,2023-11-14,Confirmed,2023-11-24,2023-12-01,7.0,125.67,879.66,879.66,65.0,65.0,972.66,944.66,28.0,972.66,4,0,0,Test home 1,123456,Test Modern apartments,Madrid,Airbnb.com,www.airbnb.com,10,11,Medium,Friday,False
TEST69,2023-11-09,Confirmed,2023-11-10,2023-11-13,3.0,137.31,411.93,411.93,165.0,165.0,594.93,576.93,18.0,594.93,6,0,0,Test home 1,123456,Test Modern apartments,Madrid,booking.com,www.booking.com,1,11,Medium,Friday,False
TEST70,2023-11-04,Confirmed,2023-11-05,2023-11-08,3.0,93.0,279.0,279.0,65.0,65.0,347.0,344.0,3.0,347.0,1,0,0,Test home 1,123456,Test Modern apartments,Madrid,Olalahomes.com,www.olalahomes.com,1,11,Medium,Sunday,True
TEST71,2023-11-04,Confirmed,2023-11-16,2023-11-20,4.0,143.8,575.19,575.19,65.0,65.0,652.19,640.19,12.0,652.19,3,0,0,Test home 1,123456,Test Modern apartments,Madrid,booking.com,www.booking.com,12,11,Medium,Thursday,False
TEST72,2023-10-30,Confirmed,2023-11-02,2023-11-05,3.0,195.36,586.08,586.08,65.0,65.0,660.08,651.08,9.0,660.08,3,2,0,Test home 1,123456,Test Modern apartments,Madrid,booking.com,www.booking.com,3,11,Medium,Thursday,False
TEST73,2023-10-30,Confirmed,2023-11-08,2023-11-10,2.0,177.21,354.42,354.42,65.0,65.0,427.42,419.42,8.0,427.42,4,0,0,Test home 1,123456,Test Modern apartments,Madrid,booking.com,www.booking.com,9,11,Medium,Wednesday,False
TEST74,2023-10-20,Confirmed,2023-10-21,2023-10-23,2.0,310.46,620.92,620.92,65.0,65.0,687.92,685.92,2.0,687.92,1,0,0,Test home 1,123456,Test Modern apartments,Madrid,Homeaway.com,www.vrbo.com,1,10,High,Saturday,True
TEST75,2023-10-17,Confirmed,2023-10-17,2023-10-18,1.0,125.0,125.0,125.0,120.0,120.0,248.0,245.0,3.0,248.0,3,2,0,Test home 1,123456,Test Modern apartments,Madrid,Olalahomes.com,www.olalahomes.com,0,10,High,Tuesday,False
TEST77,2023-10-04,Confirmed,2023-10-26,2023-11-02,7.0,317.93,2225.52,2225.52,65.0,65.0,2318.52,2290.52,28.0,2318.52,4,2,0,Test home 1,123456,Test Modern apartments,Madrid,booking.com,www.booking.com,22,10,High,Thursday,False
TEST78,2023-10-02,Confirmed,2023-10-06,2023-10-08,2.0,234.14,468.27,468.27,65.0,65.0,541.27,533.27,8.0,533.27,4,1,0,Test home 1,123456,Test Modern apartments,Madrid,booking.com,www.booking.com,4,10,High,Friday,False
TEST79,2023-09-27,Confirmed,2023-10-11,2023-10-15,4.0,266.31,1065.24,1065.24,65.0,65.0,1146.24,1130.24,16.0,1146.24,4,3,0,Test home 1,123456,Test Modern apartments,Madrid,booking.com,www.booking.com,14,10,High,Wednesday,False
TEST80,2023-09-20,Confirmed,2023-09-26,2023-10-06,10.0,235.41,2354.1,2354.1,65.0,65.0,2454.1,2419.1,35.0,2419.1,5,0,0,Test home 1,123456,Test Modern apartments,Madrid,Homes & Villas by Marriott International,homes-and-villas.marriott.com,6,9,High,Tuesday,False
TEST81,2023-09-11,Confirmed,2023-09-15,2023-09-17,2.0,211.86,423.72,423.72,65.0,65.0,500.72,488.72,12.0,500.72,6,0,0,Test home 1,123456,Test Modern apartments,Madrid,booking.com,www.booking.com,4,9,High,Friday,False
TEST82,2023-09-03,Confirmed,2023-09-19,2023-09-24,5.0,192.46,962.28,962.28,65.0,65.0,1057.28,1027.28,30.0,1057.28,6,0,0,Test home 1,123456,Test Modern apartments,Madrid,booking.com,www.booking.com,16,9,High,Tuesday,False
TEST83,2023-08-28,Confirmed,2023-08-28,2023-08-29,1.0,124.74,124.74,124.74,65.0,65.0,195.74,189.74,6.0,195.74,6,0,0,Test home 1,123456,Test Modern apartments,Madrid,booking.com,www.booking.com,0,8,High,Monday,False
TEST84,2023-08-19,Confirmed,2023-10-18,2023-10-21,3.0,266.0,798.0,798.0,65.0,65.0,875.0,863.0,12.0,863.0,4,0,0,Test home 1,123456,Test Modern apartments,Madrid,Homes & Villas by Marriott International,homes-and-villas.marriott.com,60,10,High,Wednesday,False
TEST85,2023-08-16,Confirmed,2023-08-30,2023-09-04,5.0,223.15,1115.73,1115.73,121.0,121.0,1261.73,1236.73,25.0,1261.73,5,0,0,Test home 1,123456,Test Modern apartments,Madrid,booking.com,www.booking.com,14,8,High,Wednesday,False
TEST86,2023-08-13,Confirmed,2023-08-16,2023-08-19,3.0,235.67,707.0,707.0,65.0,65.0,784.0,772.0,12.0,776.93,4,2,0,Test home 1,123456,Test Modern apartments,Madrid,booking.com,www.booking.com,3,8,High,Wednesday,False
TEST87,2023-08-12,Confirmed,2023-08-13,2023-08-16,3.0,258.39,775.17,775.17,65.0,65.0,861.17,840.17,21.0,861.17,7,0,0,Test home 1,123456,Test Modern apartments,Madrid,booking.com,www.booking.com,1,8,High,Sunday,True
TEST88,2023-08-01,Confirmed,2023-08-01,2023-08-02,1.0,113.85,113.85,113.85,65.0,65.0,183.85,178.85,5.0,183.85,5,1,0,Test home 1,123456,Test Modern apartments,Madrid,booking.com,www.booking.com,0,8,High,Tuesday,False
TEST89,2023-07-31,Confirmed,2023-08-05,2023-08-10,5.0,220.32,1101.6,1101.6,65.0,65.0,1186.6,1166.6,20.0,1186.6,4,0,0,Test home 1,123456,Test Modern apartments,Madrid,Airbnb.com,www.airbnb.com,5,8,High,Saturday,True
TEST90,2023-07-31,Confirmed,2023-07-31,2023-08-01,1.0,95.0,95.0,95.0,65.0,65.0,164.0,160.0,4.0,164.0,4,1,0,Test home 1,123456,Test Modern apartments,Madrid,Airbnb.com,www.airbnb.com,0,7,Medium,Monday,False
TEST91,2023-07-22,Confirmed,2023-09-07,2023-09-13,6.0,260.29,1561.73,1561.73,65.0,65.0,1668.73,1626.73,42.0,1668.73,7,0,0,Test home 1,123456,Test Modern apartments,Madrid,Homeaway.com,www.vrbo.com,47,9,High,Thursday,False
TEST92,2023-07-21,Confirmed,2023-07-22,2023-07-26,4.0,232.5,930.0,930.0,65.0,65.0,1011.0,995.0,16.0,995.0,4,0,0,Test home 1,123456,Test Modern apartments,Madrid,Airbnb.com,www.airbnb.com,1,7,Medium,Saturday,True
TEST93,2023-07-17,Confirmed,2023-08-20,2023-08-27,7.0,237.46,1662.21,1662.21,65.0,65.0,1762.21,1727.21,35.0,1762.21,5,0,0,Test home 1,123456,Test Modern apartments,Madrid,booking.com,www.booking.com,34,8,High,Sunday,True
TEST94,2023-07-16,Confirmed,2023-07-16,2023-07-17,1.0,106.92,106.92,106.92,65.0,65.0,177.92,171.92,6.0,177.92,6,0,0,Test home 1,123456,Test Modern apartments,Madrid,booking.com,www.booking.com,0,7,Medium,Sunday,True
TEST95,2023-07-13,Confirmed,2023-08-10,2023-08-13,3.0,288.0,864.0,864.0,65.0,65.0,944.0,929.0,15.0,929.0,5,0,0,Test home 1,123456,Test Modern apartments,Madrid,Airbnb.com,www.airbnb.com,28,8,High,Thursday,False
TEST96,2023-07-09,Confirmed,2023-07-17,2023-07-22,5.0,256.41,1282.05,1282.05,65.0,65.0,1377.05,1347.05,30.0,1377.05,6,0,0,Test home 1,123456,Test Modern apartments,Madrid,booking.com,www.booking.com,8,7,Medium,Monday,False
TEST97,2023-07-09,Confirmed,2023-07-09,2023-07-11,2.0,117.81,235.62,235.62,65.0,65.0,308.62,300.62,8.0,308.62,4,0,0,Test home 1,123456,Test Modern apartments,Madrid,booking.com,www.booking.com,0,7,Medium,Sunday,True
TEST98,2023-07-02,Confirmed,2023-07-05,2023-07-09,4.0,265.0,1060.0,1060.0,65.0,65.0,1141.0,1125.0,16.0,1125.0,4,1,0,Test home 1,123456,Test Modern apartments,Madrid,Airbnb.com,www.airbnb.com,3,7,Medium,Wednesday,False
TEST99,2023-07-02,Confirmed,2023-08-02,2023-08-05,3.0,310.2,930.6,930.6,65.0,65.0,1010.6,995.6,15.0,1010.6,5,0,0,Test home 1,123456,Test Modern apartments,Madrid,Airbnb.com,www.airbnb.com,31,8,High,Wednesday,False
TEST100,2023-06-29,Confirmed,2023-07-26,2023-07-31,5.0,325.75,1628.76,1628.76,65.0,65.0,1728.76,1693.76,35.0,1728.76,7,0,0,Test home 1,123456,Test Modern apartments,Madrid,Homeaway.com,www.vrbo.com,27,7,Medium,Wednesday,False
TEST101,2023-06-24,Confirmed,2023-07-11,2023-07-16,5.0,335.41,1677.06,1677.06,65.0,65.0,1762.06,1742.06,20.0,1762.06,4,0,0,Test home 1,123456,Test Modern apartments,Madrid,booking.com,www.booking.com,17,7,Medium,Tuesday,False
TEST102,2023-06-14,Confirmed,2023-06-19,2023-06-22,3.0,157.41,472.23,472.23,65.0,65.0,549.23,537.23,12.0,549.23,4,0,0,Test home 1,123456,Test Modern apartments,Madrid,booking.com,www.booking.com,5,6,Medium,Monday,False
TEST103,2023-06-09,Confirmed,2023-06-28,2023-07-03,5.0,280.63,1403.15,1403.15,106.7,106.7,1524.85,1509.85,15.0,1524.85,6,3,0,Test home 1,123456,Test Modern apartments,Madrid,Olalahomes.com,www.olalahomes.com,19,6,Medium,Wednesday,False
TEST104,2023-06-09,Confirmed,2023-06-22,2023-06-25,3.0,275.4,826.2,826.2,65.0,65.0,903.2,891.2,12.0,903.2,4,0,0,Test home 1,123456,Test Modern apartments,Madrid,Airbnb.com,www.airbnb.com,13,6,Medium,Thursday,False
TEST105,2023-06-03,Confirmed,2023-06-04,2023-06-05,1.0,140.0,140.0,140.0,65.0,65.0,209.0,205.0,4.0,209.0,4,0,0,Test home 1,123456,Test Modern apartments,Madrid,Airbnb.com,www.airbnb.com,1,6,Medium,Sunday,True
TEST106,2023-06-02,Confirmed,2023-06-25,2023-06-28,3.0,198.9,596.7,596.7,65.0,65.0,676.7,661.7,15.0,661.7,5,0,0,Test home 1,123456,Test Modern apartments,Madrid,Airbnb.com,www.airbnb.com,23,6,Medium,Sunday,True
TEST107,2023-06-01,Confirmed,2023-06-05,2023-06-09,4.0,125.24,500.94,500.94,187.2,187.2,704.14,688.14,16.0,704.14,4,0,0,Test home 1,123456,Test Modern apartments,Madrid,booking.com,www.booking.com,4,6,Medium,Monday,False
TEST108,2023-05-28,Confirmed,2023-05-28,2023-05-30,2.0,120.5,241.0,241.0,55.0,55.0,302.0,296.0,6.0,302.0,3,0,0,Test home 1,123456,Test Modern apartments,Madrid,Airbnb.com,www.airbnb.com,0,5,Medium,Sunday,True
TEST109,2023-05-21,Confirmed,2023-06-12,2023-06-18,6.0,356.1,2136.6,2136.6,65.0,65.0,2219.6,2201.6,18.0,2219.6,3,0,0,Test home 1,123456,Test Modern apartments,Madrid,Airbnb.com,www.airbnb.com,22,6,Medium,Monday,False
TEST110,2023-05-18,Confirmed,2023-05-18,2023-05-19,1.0,137.61,137.61,137.61,65.0,65.0,207.61,202.61,5.0,207.61,5,0,0,Test home 1,123456,Test Modern apartments,Madrid,booking.com,www.booking.com,0,5,Medium,Thursday,False
TEST111,2023-05-18,Confirmed,2023-06-01,2023-06-04,3.0,576.9,1730.7,1730.7,65.0,65.0,1807.7,1795.7,12.0,1807.7,4,0,0,Test home 1,123456,Test Modern apartments,Madrid,Airbnb.com,www.airbnb.com,14,6,Medium,Thursday,False
TEST112,2023-05-13,Confirmed,2023-05-14,2023-05-18,4.0,136.8,547.2,547.2,65.0,65.0,640.2,612.2,28.0,640.2,7,0,0,Test home 1,123456,Test Modern apartments,Madrid,Olalahomes.com,www.olalahomes.com,1,5,Medium,Sunday,True
TEST113,2023-05-09,Confirmed,2023-05-09,2023-05-12,3.0,94.05,282.15,282.15,365.0,365.0,662.15,647.15,15.0,662.15,5,0,0,Test home 1,123456,Test Modern apartments,Madrid,Olalahomes.com,www.olalahomes.com,0,5,Medium,Tuesday,False
TEST114,2023-05-04,Confirmed,2023-05-12,2023-05-14,2.0,279.0,558.0,558.0,65.0,65.0,629.0,623.0,6.0,623.0,3,0,0,Test home 1,123456,Test Modern apartments,Madrid,Airbnb.com,www.airbnb.com,8,5,Medium,Friday,False
TEST115,2023-04-28,Confirmed,2023-04-30,2023-05-03,3.0,170.61,511.83,511.83,65.0,65.0,585.83,576.83,9.0,576.83,3,1,0,Test home 1,123456,Test Modern apartments,Madrid,booking.com,www.booking.com,2,4,Medium,Sunday,True
TEST116,2023-04-28,Confirmed,2023-05-19,2023-05-26,7.0,278.61,1950.3,1950.3,474.56,474.56,2459.86,2424.86,35.0,2459.86,5,0,0,Test home 1,123456,Test Modern apartments,Madrid,booking.com,www.booking.com,21,5,Medium,Friday,False
TEST117,2023-04-23,Confirmed,2023-04-23,2023-04-25,2.0,187.0,374.0,374.0,65.0,65.0,445.0,439.0,6.0,439.0,3,0,0,Test home 1,123456,Test Modern apartments,Madrid,Airbnb.com,www.airbnb.com,0,4,Medium,Sunday,True
TEST118,2023-04-16,Confirmed,2023-05-03,2023-05-07,4.0,262.35,1049.4,1049.4,65.0,65.0,1134.4,1114.4,20.0,1114.4,5,0,0,Test home 1,123456,Test Modern apartments,Madrid,Airbnb.com,www.airbnb.com,17,5,Medium,Wednesday,False
TEST119,2023-04-09,Confirmed,2023-04-15,2023-04-23,8.0,232.43,1859.4,1859.4,65.0,65.0,1959.4,1924.4,35.0,1924.4,5,0,0,Test home 1,123456,Test Modern apartments,Madrid,Airbnb.com,www.airbnb.com,6,4,Medium,Saturday,True
TEST120,2023-04-07,Confirmed,2023-04-08,2023-04-09,1.0,199.0,199.0,199.0,65.0,65.0,267.0,264.0,3.0,267.0,3,1,0,Test home 1,123456,Test Modern apartments,Madrid,Airbnb.com,www.airbnb.com,1,4,Medium,Saturday,True
TEST121,2023-04-02,Confirmed,2023-04-09,2023-04-15,6.0,140.91,845.46,845.46,65.0,65.0,922.46,910.46,12.0,922.46,2,3,0,Test home 1,123456,Test Modern apartments,Madrid,booking.com,www.booking.com,7,4,Medium,Sunday,True
TEST122,2023-03-29,Confirmed,2023-04-27,2023-04-30,3.0,563.7,1691.1,1691.1,65.0,65.0,1768.1,1756.1,12.0,1768.1,4,0,0,Test home 1,123456,Test Modern apartments,Madrid,Airbnb.com,www.airbnb.com,29,4,Medium,Thursday,False
TEST123,2023-03-22,Confirmed,2023-03-22,2023-03-26,4.0,156.75,627.0,627.0,65.0,65.0,708.0,692.0,16.0,692.0,4,0,0,Test home 1,123456,Test Modern apartments,Madrid,Airbnb.com,www.airbnb.com,0,3,Low,Wednesday,False
TEST124,2023-03-14,Confirmed,2023-03-14,2023-03-16,2.0,95.0,190.0,190.0,65.0,65.0,261.0,255.0,6.0,255.0,3,0,0,Test home 1,123456,Test Modern apartments,Madrid,Airbnb.com,www.airbnb.com,0,3,Low,Tuesday,False
TEST125,2023-03-13,Confirmed,2023-04-01,2023-04-08,7.0,244.64,1712.51,1712.51,65.0,65.0,1812.51,1777.51,35.0,1812.51,5,0,0,Test home 1,123456,Test Modern apartments,Madrid,booking.com,www.booking.com,19,4,Medium,Saturday,True
TEST126,2023-03-05,Confirmed,2023-04-25,2023-04-27,2.0,226.5,453.0,453.0,65.0,65.0,524.0,518.0,6.0,551.6,3,0,0,Test home 1,123456,Test Modern apartments,Madrid,Airbnb.com,www.airbnb.com,51,4,Medium,Tuesday,False
TEST127,2023-02-24,Confirmed,2023-02-24,2023-02-26,2.0,147.0,294.0,294.0,65.0,65.0,363.0,359.0,4.0,359.0,2,3,0,Test home 1,123456,Test Modern apartments,Madrid,Airbnb.com,www.airbnb.com,0,2,Low,Friday,False
TEST128,2023-02-22,Confirmed,2023-03-03,2023-03-06,3.0,206.7,620.1,620.1,65.0,65.0,700.1,685.1,15.0,685.1,5,0,0,Test home 1,123456,Test Modern apartments,Madrid,Airbnb.com,www.airbnb.com,9,3,Low,Friday,False
TEST129,2023-02-16,Confirmed,2023-02-19,2023-02-24,5.0,169.29,846.45,846.45,242.75,242.75,1109.2,1089.2,20.0,1109.2,4,0,0,Test home 1,123456,Test Modern apartments,Madrid,booking.com,www.booking.com,3,2,Low,Sunday,True
TEST130,2023-02-14,Confirmed,2023-03-17,2023-03-20,3.0,350.0,694.98,694.98,65.0,65.0,777.98,759.98,18.0,777.98,6,0,0,Test home 1,123456,Test Modern apartments,Madrid,booking.com,www.booking.com,31,3,Low,Friday,False
TEST131,2023-02-10,Confirmed,2023-03-09,2023-03-12,3.0,189.42,568.26,568.26,65.0,65.0,648.26,633.26,15.0,648.26,5,0,0,Test home 1,123456,Test Modern apartments,Madrid,booking.com,www.booking.com,27,3,Low,Thursday,False
TEST132,2023-02-08,Confirmed,2023-03-27,2023-03-31,4.0,163.0,652.0,652.0,65.0,65.0,729.0,717.0,12.0,729.0,3,0,0,Test home 1,123456,Test Modern apartments,Madrid,Olalahomes.com,www.olalahomes.com,47,3,Low,Monday,False
TEST133,2023-02-03,Confirmed,2023-02-06,2023-02-10,4.0,82.25,329.0,329.0,65.0,65.0,402.0,394.0,8.0,402.0,3,0,0,Test home 1,123456,Test Modern apartments,Madrid,Direct Booking,Direct,3,2,Low,Monday,False
TEST134,2023-01-31,Confirmed,2023-02-03,2023-02-06,3.0,130.67,392.0,392.0,65.0,65.0,472.0,457.0,15.0,472.0,5,0,0,Test home 1,123456,Test Modern apartments,Madrid,Airbnb.com,www.airbnb.com,3,2,Low,Friday,False
TEST135,2023-01-18,Confirmed,2023-02-10,2023-02-13,3.0,117.15,351.45,351.45,65.0,65.0,425.45,416.45,9.0,425.45,3,0,0,Test home 1,123456,Test Modern apartments,Madrid,booking.com,www.booking.com,23,2,Low,Friday,False
TEST136,2023-01-16,Confirmed,2023-02-16,2023-02-19,3.0,192.0,576.0,576.0,65.0,65.0,653.0,641.0,12.0,653.0,4,0,0,Test home 1,123456,Test Modern apartments,Madrid,Airbnb.com,www.airbnb.com,31,2,Low,Thursday,False
TEST137,2023-01-12,Confirmed,2023-02-26,2023-03-02,4.0,611.0,2444.0,2444.0,65.0,65.0,2525.0,2509.0,16.0,2525.0,4,0,0,Test home 1,123456,Test Modern apartments,Madrid,Olalahomes.com,www.olalahomes.com,45,2,Low,Sunday,True
TEST138,2023-01-12,Confirmed,2023-01-20,2023-01-28,8.0,100.0,800.0,800.0,65.0,65.0,879.0,865.0,14.0,879.0,2,1,0,Test home 1,123456,Test Modern apartments,Madrid,Airbnb.com,www.airbnb.com,8,1,Low,Friday,False
TEST139,2023-01-12,Confirmed,2023-01-29,2023-02-01,3.0,215.97,647.9,647.9,65.0,65.0,721.9,712.9,9.0,721.9,3,0,0,Test home 1,123456,Test Modern apartments,Madrid,booking.com,www.booking.com,17,1,Low,Sunday,True
TEST140,2023-01-06,Confirmed,2023-01-06,2023-01-08,2.0,91.5,183.0,183.0,65.0,65.0,256.0,248.0,8.0,256.0,4,1,0,Test home 1,123456,Test Modern apartments,Madrid,Airbnb.com,www.airbnb.com,0,1,Low,Friday,False
TEST141,2023-01-03,Confirmed,2023-01-03,2023-01-05,2.0,69.21,138.42,138.42,65.0,65.0,209.42,203.42,6.0,209.42,3,0,0,Test home 1,123456,Test Modern apartments,Madrid,booking.com,www.booking.com,0,1,Low,Tuesday,False
TEST142,2022-12-16,Confirmed,2022-12-16,2022-12-18,2.0,83.16,166.32,166.32,65.0,65.0,239.32,231.32,8.0,239.32,4,2,0,Test home 1,123456,Test Modern apartments,Madrid,booking.com,www.booking.com,0,12,Medium,Friday,False
TEST143,2022-12-15,Confirmed,2022-12-25,2022-12-28,3.0,149.1,447.3,447.3,65.0,65.0,512.3,512.3,0.0,512.3,4,1,0,Test home 1,123456,Test Modern apartments,Madrid,Airbnb.com,www.airbnb.com,10,12,Medium,Sunday,True
TEST144,2022-12-13,Confirmed,2023-01-13,2023-01-16,3.0,102.6,307.8,307.8,65.0,65.0,387.8,372.8,15.0,387.8,5,0,0,Test home 1,123456,Test Modern apartments,Madrid,Airbnb.com,www.airbnb.com,31,1,Low,Friday,False
TEST145,2022-12-12,Confirmed,2022-12-28,2023-01-02,5.0,317.79,1588.95,1588.95,65.0,65.0,1673.95,1653.95,20.0,1673.95,4,2,0,Test home 1,123456,Test Modern apartments,Madrid,booking.com,www.booking.com,16,12,Medium,Wednesday,False
TEST146,2022-12-02,Confirmed,2022-12-02,2022-12-09,7.0,65.4,457.79,457.79,65.0,65.0,543.79,522.79,21.0,543.79,3,0,0,Test home 1,123456,Test Modern apartments,Madrid,booking.com,www.booking.com,0,12,Medium,Friday,False
TEST147,2022-11-26,Confirmed,2022-11-27,2022-12-02,5.0,71.08,355.41,355.41,65.0,65.0,435.41,420.41,15.0,435.41,3,0,0,Test home 1,123456,Test Modern apartments,Madrid,booking.com,www.booking.com,1,11,Medium,Sunday,True
TEST148,2022-11-21,Confirmed,2022-11-21,2022-11-24,3.0,63.36,190.08,190.08,65.0,65.0,261.08,255.08,6.0,261.08,2,0,0,Test home 1,123456,Test Modern apartments,Madrid,booking.com,www.booking.com,0,11,Medium,Monday,False
TEST149,2022-11-07,Confirmed,2022-11-09,2022-11-15,6.0,144.21,865.26,865.26,65.0,65.0,960.26,930.26,30.0,930.26,5,0,0,Test home 1,123456,Test Modern apartments,Madrid,booking.com,www.booking.com,2,11,Medium,Wednesday,False
TEST150,2022-11-05,Confirmed,2022-11-18,2022-11-21,3.0,146.33,439.0,439.0,108.89,108.89,562.89,547.89,15.0,547.89,5,0,0,Test home 1,123456,Test Modern apartments,Madrid,Airbnb.com,www.airbnb.com,13,11,Medium,Friday,False
TEST151,2022-10-31,Confirmed,2022-11-24,2022-11-27,3.0,125.4,376.2,376.2,65.0,65.0,453.2,441.2,12.0,453.2,4,0,0,Test home 1,123456,Test Modern apartments,Madrid,Airbnb.com,www.airbnb.com,24,11,Medium,Thursday,False
TEST152,2022-10-23,Confirmed,2022-10-25,2022-10-27,2.0,202.46,404.91,404.91,65.0,65.0,477.91,469.91,8.0,477.91,4,0,0,Test home 1,123456,Test Modern apartments,Madrid,booking.com,www.booking.com,2,10,High,Tuesday,False
TEST153,2022-10-19,Confirmed,2022-11-04,2022-11-08,4.0,169.79,679.14,679.14,65.0,65.0,768.14,744.14,24.0,768.14,6,1,0,Test home 1,123456,Test Modern apartments,Madrid,booking.com,www.booking.com,16,11,Medium,Friday,False
TEST154,2022-10-10,Confirmed,2022-10-10,2022-10-11,1.0,170.0,170.0,170.0,65.0,65.0,238.0,235.0,3.0,238.0,3,0,0,Test home 1,123456,Test Modern apartments,Madrid,Airbnb.com,www.airbnb.com,0,10,High,Monday,False
TEST155,2022-10-05,Confirmed,2022-10-20,2022-10-25,5.0,217.01,1085.04,1085.04,65.0,65.0,1175.04,1150.04,25.0,1175.04,5,1,0,Test home 1,123456,Test Modern apartments,Madrid,booking.com,www.booking.com,15,10,High,Thursday,False
TEST156,2022-09-30,Confirmed,2022-10-05,2022-10-10,5.0,267.2,1336.0,1336.0,65.0,65.0,1426.0,1401.0,25.0,1426.0,5,0,0,Test home 1,123456,Test Modern apartments,Madrid,Airbnb.com,www.airbnb.com,5,10,High,Wednesday,False
TEST157,2022-09-27,Confirmed,2022-09-28,2022-10-03,5.0,159.19,795.96,795.96,65.0,65.0,880.96,860.96,20.0,880.96,4,0,0,Test home 1,123456,Test Modern apartments,Madrid,booking.com,www.booking.com,1,9,High,Wednesday,False
TEST158,2022-09-21,Confirmed,2022-09-21,2022-09-23,2.0,146.52,293.04,293.04,65.0,65.0,362.04,358.04,4.0,362.04,2,0,0,Test home 1,123456,Test Modern apartments,Madrid,booking.com,www.booking.com,0,9,High,Wednesday,False
TEST159,2022-09-15,Confirmed,2022-10-28,2022-11-01,4.0,221.63,886.5,886.5,65.0,65.0,979.5,951.5,28.0,979.5,7,0,0,Test home 1,123456,Test Modern apartments,Madrid,Airbnb.com,www.airbnb.com,43,10,High,Friday,False
TEST160,2022-09-10,Confirmed,2022-09-10,2022-09-12,2.0,145.82,291.64,291.64,65.0,65.0,364.64,356.64,8.0,364.64,4,0,0,Test home 1,123456,Test Modern apartments,Madrid,Olalahomes.com,www.olalahomes.com,0,9,High,Saturday,True
TEST161,2022-09-07,Confirmed,2022-09-07,2022-09-10,3.0,179.52,538.56,538.56,65.0,65.0,615.56,603.56,12.0,615.56,4,0,0,Test home 1,123456,Test Modern apartments,Madrid,booking.com,www.booking.com,0,9,High,Wednesday,False
TEST162,2022-09-02,Confirmed,2022-10-11,2022-10-16,5.0,206.51,1032.57,1032.57,65.0,65.0,1132.57,1097.57,35.0,1132.57,7,0,0,Test home 1,123456,Test Modern apartments,Madrid,booking.com,www.booking.com,39,10,High,Tuesday,False
TEST163,2022-09-01,Confirmed,2022-09-15,2022-09-20,5.0,234.9,1174.5,1174.5,65.0,65.0,1254.5,1239.5,15.0,1254.5,3,0,0,Test home 1,123456,Test Modern apartments,Madrid,Airbnb.com,www.airbnb.com,14,9,High,Thursday,False
TEST164,2022-08-29,Confirmed,2022-08-30,2022-09-07,8.0,206.0,1648.0,1648.0,65.0,65.0,1762.0,1713.0,49.0,1762.0,7,0,0,Test home 1,123456,Test Modern apartments,Madrid,Airbnb.com,www.airbnb.com,1,8,High,Tuesday,False
TEST165,2022-08-28,Confirmed,2022-09-23,2022-09-26,3.0,322.41,967.23,967.23,65.0,65.0,1053.23,1032.23,21.0,1053.23,7,0,0,Test home 1,123456,Test Modern apartments,Madrid,booking.com,www.booking.com,26,9,High,Friday,False
TEST166,2022-08-03,Confirmed,2022-08-23,2022-08-30,7.0,261.77,1832.4,1832.4,65.0,65.0,1939.4,1897.4,42.0,1939.4,6,1,0,Test home 1,123456,Test Modern apartments,Madrid,Olalahomes.com,www.olalahomes.com,20,8,High,Tuesday,False
TEST167,2022-07-29,Confirmed,2022-08-01,2022-08-03,2.0,203.5,407.0,407.0,65.0,65.0,480.0,472.0,8.0,480.0,4,1,0,Test home 1,123456,Test Modern apartments,Madrid,Airbnb.com,www.airbnb.com,3,8,High,Monday,False
TEST168,2022-07-22,Confirmed,2022-07-24,2022-07-31,7.0,234.59,1642.13,1642.13,65.0,65.0,1756.13,1707.13,49.0,1707.13,7,0,0,Test home 1,123456,Test Modern apartments,Madrid,booking.com,www.booking.com,2,7,Medium,Sunday,True
TEST169,2022-07-19,Confirmed,2022-08-16,2022-08-23,7.0,347.27,2430.9,2430.9,65.0,65.0,2544.9,2495.9,49.0,2544.9,7,0,0,Test home 1,123456,Test Modern apartments,Madrid,Airbnb.com,www.airbnb.com,28,8,High,Tuesday,False
TEST170,2022-07-17,Confirmed,2022-07-17,2022-07-20,3.0,159.72,479.16,479.16,65.0,65.0,556.16,544.16,12.0,556.16,4,3,0,Test home 1,123456,Test Modern apartments,Madrid,booking.com,www.booking.com,0,7,Medium,Sunday,True
TEST171,2022-07-15,Confirmed,2022-07-15,2022-07-17,2.0,229.68,459.36,459.36,133.9,133.9,601.26,593.26,8.0,601.26,4,2,0,Test home 1,123456,Test Modern apartments,Madrid,booking.com,www.booking.com,0,7,Medium,Friday,False
TEST172,2022-07-12,Confirmed,2022-07-12,2022-07-14,2.0,154.5,309.0,309.0,65.0,65.0,382.0,374.0,8.0,382.0,4,1,0,Test home 1,123456,Test Modern apartments,Madrid,Airbnb.com,www.airbnb.com,0,7,Medium,Tuesday,False
TEST173,2022-07-11,Confirmed,2022-08-11,2022-08-16,5.0,298.98,1494.9,1494.9,65.0,65.0,1584.9,1559.9,25.0,1584.9,5,3,0,Test home 1,123456,Test Modern apartments,Madrid,Airbnb.com,www.airbnb.com,31,8,High,Thursday,False
TEST174,2022-07-05,Confirmed,2022-07-05,2022-07-07,2.0,147.02,294.03,294.03,65.0,65.0,367.03,359.03,8.0,367.03,4,0,0,Test home 1,123456,Test Modern apartments,Madrid,booking.com,www.booking.com,0,7,Medium,Tuesday,False
TEST175,2022-06-29,Confirmed,2022-07-20,2022-07-24,4.0,333.0,1332.0,1332.0,65.0,65.0,1409.0,1397.0,12.0,1409.0,3,0,0,Test home 1,123456,Test Modern apartments,Madrid,Airbnb.com,www.airbnb.com,21,7,Medium,Wednesday,False
TEST176,2022-06-27,Confirmed,2022-08-03,2022-08-10,7.0,349.05,2443.32,2443.32,65.0,65.0,2557.32,2508.32,49.0,2557.32,7,0,0,Test home 1,123456,Test Modern apartments,Madrid,booking.com,www.booking.com,37,8,High,Wednesday,False
TEST177,2022-06-21,Confirmed,2022-06-22,2022-06-30,8.0,174.94,1399.5,1399.5,65.0,65.0,1464.5,1464.5,0.0,1464.5,5,0,0,Test home 1,123456,Test Modern apartments,Madrid,Airbnb.com,www.airbnb.com,1,6,Medium,Wednesday,False
TEST178,2022-06-11,Confirmed,2022-07-07,2022-07-12,5.0,289.4,1447.0,1447.0,65.0,65.0,1542.0,1512.0,30.0,1761.0,6,0,0,Test home 1,123456,Test Modern apartments,Madrid,Airbnb.com,www.airbnb.com,26,7,Medium,Thursday,False
TEST178,2022-06-11,Confirmed,2022-07-07,2022-07-12,5.0,289.4,1447.0,1447.0,65.0,65.0,1542.0,1512.0,30.0,1761.0,6,0,0,Test home 1,123456,Test Modern apartments,Madrid,Airbnb.com,www.airbnb.com,26,7,Medium,Thursday,False
TEST179,2022-06-06,Confirmed,2022-06-07,2022-06-09,2.0,181.17,362.34,362.34,65.0,65.0,433.34,427.34,6.0,433.34,3,0,0,Test home 1,123456,Test Modern apartments,Madrid,booking.com,www.booking.com,1,6,Medium,Tuesday,False
TEST180,2022-06-04,Confirmed,2022-06-09,2022-06-15,6.0,535.5,3213.0,3213.0,65.0,65.0,3320.0,3278.0,42.0,3320.0,7,0,0,Test home 1,123456,Test Modern apartments,Madrid,Airbnb.com,www.airbnb.com,5,6,Medium,Thursday,False
TEST181,2022-05-30,Confirmed,2022-06-30,2022-07-04,4.0,258.08,1032.3,1032.3,65.0,65.0,1117.3,1097.3,20.0,1117.3,5,0,0,Test home 1,123456,Test Modern apartments,Madrid,Airbnb.com,www.airbnb.com,31,6,Medium,Thursday,False
TEST182,2022-05-24,Confirmed,2022-06-15,2022-06-22,7.0,273.99,1917.95,1917.95,65.0,65.0,2031.95,1982.95,49.0,2031.95,7,0,0,Test home 1,123456,Test Modern apartments,Madrid,Airbnb.com,www.airbnb.com,22,6,Medium,Wednesday,False
TEST183,2022-05-07,Confirmed,2022-06-03,2022-06-07,4.0,570.15,2280.6,2280.6,65.0,65.0,2369.6,2345.6,24.0,2369.6,1,0,0,Test home 1,123456,Test Modern apartments,Madrid,Airbnb.com,www.airbnb.com,27,6,Medium,Friday,False
TEST184,2022-05-06,Confirmed,2022-05-19,2022-05-22,3.0,644.16,1932.48,1932.48,65.0,65.0,2018.48,1997.48,21.0,2018.48,7,0,0,Test home 1,123456,Test Modern apartments,Madrid,booking.com,www.booking.com,13,5,Medium,Thursday,False
TEST185,2022-05-05,Confirmed,2022-05-27,2022-06-01,5.0,250.76,1253.8,1253.8,65.0,65.0,1353.8,1318.8,35.0,1353.8,7,0,0,Test home 1,123456,Test Modern apartments,Madrid,Airbnb.com,www.airbnb.com,22,5,Medium,Friday,False
TEST186,2022-05-03,Confirmed,2022-05-24,2022-05-27,3.0,98.67,296.0,296.0,127.16,127.16,435.16,423.16,12.0,435.16,2,0,0,Test home 1,123456,Test Modern apartments,Madrid,Olalahomes.com,www.olalahomes.com,21,5,Medium,Tuesday,False
TEST187,2022-05-01,Confirmed,2022-05-09,2022-05-14,5.0,321.86,1609.3,1609.3,80.0,80.0,1719.3,1689.3,30.0,1719.3,3,0,0,Test home 1,123456,Test Modern apartments,Madrid,Olalahomes.com,www.olalahomes.com,8,5,Medium,Monday,False
TEST188,2022-04-29,Confirmed,2022-04-29,2022-05-06,7.0,221.01,1547.1,1547.1,65.0,65.0,1626.1,1612.1,14.0,1626.1,2,0,0,Test home 1,123456,Test Modern apartments,Madrid,Airbnb.com,www.airbnb.com,0,4,Medium,Friday,False
TEST189,2022-04-25,Confirmed,2022-04-25,2022-04-29,4.0,209.83,839.3,839.3,65.0,65.0,912.3,904.3,8.0,912.3,2,0,0,Test home 1,123456,Test Modern apartments,Madrid,booking.com,www.booking.com,0,4,Medium,Monday,False
TEST190,2022-04-15,Confirmed,2022-05-06,2022-05-09,3.0,243.1,729.3,729.3,65.0,65.0,812.3,794.3,18.0,812.3,6,0,0,Test home 1,123456,Test Modern apartments,Madrid,Airbnb.com,www.airbnb.com,21,5,Medium,Friday,False
TEST191,2022-04-12,Confirmed,2022-04-14,2022-04-16,2.0,610.0,1220.0,1220.0,65.0,65.0,1293.0,1285.0,8.0,1293.0,4,3,0,Test home 1,123456,Test Modern apartments,Madrid,Airbnb.com,www.airbnb.com,2,4,Medium,Thursday,False
TEST192,2022-04-08,Confirmed,2022-05-15,2022-05-18,3.0,169.5,508.5,508.5,65.0,65.0,582.5,573.5,9.0,582.5,3,0,0,Test home 1,123456,Test Modern apartments,Madrid,Airbnb.com,www.airbnb.com,37,5,Medium,Sunday,True
TEST193,2022-03-25,Confirmed,2022-03-28,2022-03-30,2.0,108.0,216.0,216.0,65.0,65.0,287.0,281.0,6.0,287.0,3,0,0,Test home 1,123456,Test Modern apartments,Madrid,Airbnb.com,www.airbnb.com,3,3,Low,Monday,False
TEST194,2022-03-19,Confirmed,2022-03-21,2022-03-28,7.0,131.27,918.9,918.9,65.0,65.0,983.9,983.9,0.0,983.9,3,0,0,Test home 1,123456,Test Modern apartments,Madrid,Airbnb.com,www.airbnb.com,2,3,Low,Monday,False
TEST195,2022-03-18,Confirmed,2022-04-07,2022-04-10,3.0,269.0,807.0,807.0,65.0,65.0,893.0,872.0,21.0,893.0,7,0,0,Test home 1,123456,Test Modern apartments,Madrid,Airbnb.com,www.airbnb.com,20,4,Medium,Thursday,False
TEST196,2022-03-15,Confirmed,2022-04-10,2022-04-13,3.0,191.7,575.1,575.1,65.0,65.0,652.1,640.1,12.0,652.1,4,0,0,Test home 1,123456,Test Modern apartments,Madrid,Airbnb.com,www.airbnb.com,26,4,Medium,Sunday,True
TEST197,2022-03-13,Paid,2022-04-17,2022-04-22,5.0,198.0,990.0,990.0,65.0,65.0,1075.0,1055.0,20.0,1075.0,4,3,0,Test home 1,123456,Test Modern apartments,Madrid,Homeaway.com,www.vrbo.com,35,4,Medium,Sunday,True
TEST198,2022-03-13,Confirmed,2022-04-22,2022-04-25,3.0,196.9,590.7,590.7,65.0,65.0,673.7,655.7,18.0,673.7,6,0,0,Test home 1,123456,Test Modern apartments,Madrid,Airbnb.com,www.airbnb.com,40,4,Medium,Friday,False
TEST199,2022-03-09,Confirmed,2022-03-30,2022-04-06,7.0,147.65,1033.56,1033.56,65.0,65.0,1133.56,1098.56,35.0,1133.56,5,0,0,Test home 1,123456,Test Modern apartments,Madrid,Airbnb.com,www.airbnb.com,21,3,Low,Wednesday,False
TEST200,2022-03-06,Paid,2022-03-07,2022-03-09,2.0,74.25,148.5,148.5,65.0,65.0,217.5,213.5,4.0,217.5,2,4,0,Test home 1,123456,Test Modern apartments,Madrid,booking.com,www.booking.com,1,3,Low,Monday,False
TEST201,2022-03-05,Confirmed,2022-03-13,2022-03-20,7.0,146.38,1024.65,1024.65,65.0,65.0,1117.65,1089.65,28.0,1117.65,2,5,0,Test home 1,123456,Test Modern apartments,Madrid,booking.com,www.booking.com,8,3,Low,Sunday,True
TEST202,2022-02-21,Confirmed,2022-02-22,2022-02-24,2.0,87.0,174.0,174.0,65.0,65.0,251.0,239.0,12.0,251.0,6,0,0,Test home 1,123456,Test Modern apartments,Madrid,Airbnb.com,www.airbnb.com,1,2,Low,Tuesday,False
TEST203,2022-02-15,Confirmed,2022-03-04,2022-03-07,3.0,151.8,455.4,455.4,65.0,65.0,538.4,520.4,18.0,538.4,6,0,0,Test home 1,123456,Test Modern apartments,Madrid,booking.com,www.booking.com,17,3,Low,Friday,False
TEST204,2022-02-11,Confirmed,2022-03-10,2022-03-13,3.0,128.3,384.91,384.91,65.0,65.0,467.91,449.91,18.0,467.91,4,3,0,Test home 1,123456,Test Modern apartments,Madrid,booking.com,www.booking.com,27,3,Low,Thursday,False
TEST205,2022-02-11,Confirmed,2022-02-27,2022-03-03,4.0,216.07,864.28,864.28,246.5,246.5,1118.78,1110.78,8.0,1118.78,2,0,0,Test home 1,123456,Test Modern apartments,Madrid,booking.com,www.booking.com,16,2,Low,Sunday,True
TEST206,2022-02-03,Confirmed,2022-02-03,2022-02-05,2.0,65.49,130.98,130.98,65.0,65.0,203.98,195.98,8.0,203.98,4,0,0,Test home 1,123456,Test Modern apartments,Madrid,booking.com,www.booking.com,0,2,Low,Thursday,False
TEST207,2022-01-31,Confirmed,2022-02-05,2022-02-07,2.0,86.5,173.0,173.0,65.0,65.0,248.0,238.0,10.0,248.0,5,0,0,Test home 1,123456,Test Modern apartments,Madrid,Airbnb.com,www.airbnb.com,5,2,Low,Saturday,True
TEST208,2022-01-26,Confirmed,2022-01-28,2022-01-30,2.0,86.0,172.0,172.0,65.0,65.0,247.0,237.0,10.0,247.0,5,1,0,Test home 1,123456,Test Modern apartments,Madrid,Airbnb.com,www.airbnb.com,2,1,Low,Friday,False
TEST209,2022-01-18,Confirmed,2022-02-16,2022-02-22,6.0,77.25,463.5,463.5,65.0,65.0,553.5,528.5,25.0,553.5,5,0,0,Test home 1,123456,Test Modern apartments,Madrid,Airbnb.com,www.airbnb.com,29,2,Low,Wednesday,False
TEST210,2022-01-14,Confirmed,2022-02-09,2022-02-13,4.0,74.7,298.8,298.8,65.0,65.0,383.8,363.8,20.0,383.8,5,0,0,Test home 1,123456,Test Modern apartments,Madrid,Airbnb.com,www.airbnb.com,26,2,Low,Wednesday,False
TEST211,2022-01-11,Confirmed,2022-01-14,2022-01-28,14.0,67.64,947.0,947.0,65.0,65.0,1040.0,1012.0,28.0,1040.0,2,0,0,Test home 1,123456,Test Modern apartments,Madrid,Muchosol,www.muchosol.es,3,1,Low,Friday,False
TEST212,2022-01-08,Confirmed,2022-01-09,2022-01-10,1.0,62.0,62.0,62.0,0.0,0.0,65.0,62.0,3.0,65.0,3,0,0,Test home 1,123456,Test Modern apartments,Madrid,Direct Booking,Direct,1,1,Low,Sunday,True
TEST213,2022-01-07,Confirmed,2022-01-07,2022-01-09,2.0,76.79,153.58,153.58,65.0,65.0,228.58,218.58,10.0,228.58,3,4,0,Test home 1,123456,Test Modern apartments,Madrid,booking.com,www.booking.com,0,1,Low,Friday,False
TEST214,2021-12-27,Confirmed,2021-12-27,2021-12-30,3.0,133.81,401.44,401.44,65.0,65.0,475.44,466.44,9.0,475.44,3,0,0,Test home 1,123456,Test Modern apartments,Madrid,booking.com,www.booking.com,0,12,Medium,Monday,False
TEST215,2021-12-10,Confirmed,2021-12-13,2021-12-17,4.0,65.09,260.36,260.36,119.68,119.68,392.04,380.04,12.0,392.04,3,0,0,Test home 1,123456,Test Modern apartments,Madrid,Olalahomes.com,www.olalahomes.com,3,12,Medium,Monday,False
TEST216,2021-12-07,Confirmed,2021-12-17,2021-12-20,3.0,104.04,312.12,312.12,65.0,65.0,392.12,377.12,15.0,392.12,5,0,0,Test home 1,123456,Test Modern apartments,Madrid,booking.com,www.booking.com,10,12,Medium,Friday,False
TEST217,2021-12-05,Confirmed,2021-12-05,2021-12-07,2.0,94.53,189.05,189.05,65.0,65.0,258.05,254.05,4.0,258.05,2,3,0,Test home 1,123456,Test Modern apartments,Madrid,Olalahomes.com,www.olalahomes.com,0,12,Medium,Sunday,True
TEST218,2021-11-25,Confirmed,2021-12-10,2021-12-13,3.0,78.93,236.79,236.79,0.0,0.0,254.79,236.79,18.0,254.79,6,0,0,Test home 1,123456,Test Modern apartments,Madrid,Expedia.es,www.expedia.es,15,12,Medium,Friday,False
TEST219,2021-11-25,Confirmed,2021-12-20,2021-12-24,4.0,99.45,397.8,397.8,65.0,65.0,482.8,462.8,20.0,482.8,5,0,0,Test home 1,123456,Test Modern apartments,Madrid,Airbnb.com,www.airbnb.com,25,12,Medium,Monday,False
TEST220,2021-11-24,Confirmed,2021-11-24,2021-11-26,2.0,75.5,151.0,151.0,65.0,65.0,231.2,216.0,15.2,231.2,4,0,0,Test home 1,123456,Test Modern apartments,Madrid,Olalahomes.com,www.olalahomes.com,0,11,Medium,Wednesday,False
TEST221,2021-11-16,Confirmed,2021-11-17,2021-11-21,4.0,92.75,371.0,371.0,65.0,65.0,452.0,436.0,16.0,444.0,4,0,0,Test home 1,123456,Test Modern apartments,Madrid,Airbnb.com,www.airbnb.com,1,11,Medium,Wednesday,False
TEST222,2021-11-12,Confirmed,2021-11-14,2021-11-17,3.0,80.35,241.06,241.06,65.0,65.0,315.06,306.06,9.0,315.06,3,0,0,Test home 1,123456,Test Modern apartments,Madrid,booking.com,www.booking.com,2,11,Medium,Sunday,True
TEST223,2021-11-07,Confirmed,2021-12-30,2022-01-06,7.0,193.82,1356.75,1356.75,65.0,65.0,1456.75,1421.75,35.0,1456.75,5,0,0,Test home 1,123456,Test Modern apartments,Madrid,Airbnb.com,www.airbnb.com,53,12,Medium,Thursday,False
TEST224,2021-11-07,Confirmed,2021-11-07,2021-11-11,4.0,87.0,348.0,348.0,65.0,65.0,433.0,413.0,20.0,413.0,5,0,0,Test home 1,123456,Test Modern apartments,Madrid,Airbnb.com,www.airbnb.com,0,11,Medium,Sunday,True
TEST225,2021-11-05,Confirmed,2021-11-11,2021-11-14,3.0,122.1,366.3,366.3,50.0,50.0,428.3,416.3,12.0,422.3,4,1,0,Test home 1,123456,Test Modern apartments,Madrid,Airbnb.com,www.airbnb.com,6,11,Medium,Thursday,False
TEST226,2021-10-29,Confirmed,2021-11-03,2021-11-07,4.0,128.7,514.8,514.8,68.0,68.0,582.8,582.8,0.0,582.8,5,0,0,Test home 1,123456,Test Modern apartments,Madrid,Airbnb.com,www.airbnb.com,5,11,Medium,Wednesday,False
TEST227,2021-10-26,Confirmed,2021-10-26,2021-10-29,3.0,95.9,287.71,287.71,121.22,121.22,408.93,408.93,0.0,408.93,4,0,0,Test home 1,123456,Test Modern apartments,Madrid,booking.com,www.booking.com,0,10,High,Tuesday,False
TEST228,2021-10-25,Confirmed,2021-11-26,2021-11-30,4.0,119.9,479.6,479.6,50.0,50.0,557.6,529.6,28.0,543.6,7,0,0,Test home 1,123456,Test Modern apartments,Madrid,Airbnb.com,www.airbnb.com,32,11,Medium,Friday,False
TEST229,2021-10-12,Confirmed,2021-10-15,2021-10-20,5.0,133.2,666.0,666.0,129.5,129.5,795.5,795.5,0.0,795.5,1,0,0,Test home 1,123456,Test Modern apartments,Madrid,Airbnb.com,www.airbnb.com,3,10,High,Friday,False
TEST230,2021-10-10,Confirmed,2021-10-21,2021-10-26,5.0,160.4,802.0,802.0,81.5,81.5,883.5,883.5,0.0,883.5,7,0,0,Test home 1,123456,Test Modern apartments,Madrid,Airbnb.com,www.airbnb.com,11,10,High,Thursday,False
TEST231,2021-10-04,Confirmed,2021-10-29,2021-11-01,3.0,172.3,516.9,516.9,66.2,66.2,583.1,583.1,0.0,583.1,6,0,0,Test home 1,123456,Test Modern apartments,Madrid,Airbnb.com,www.airbnb.com,25,10,High,Friday,False
TEST232,2021-09-30,Confirmed,2021-10-08,2021-10-12,4.0,150.5,602.0,602.0,75.2,75.2,677.2,677.2,0.0,677.2,7,0,0,Test home 1,123456,Test Modern apartments,Madrid,Airbnb.com,www.airbnb.com,8,10,High,Friday,False
TEST233,2021-09-23,Confirmed,2021-09-24,2021-10-06,12.0,101.01,1212.15,1212.15,81.5,81.5,1293.65,1293.65,0.0,1293.65,5,0,0,Test home 1,123456,Test Modern apartments,Madrid,booking.com,www.booking.com,1,9,High,Friday,False
TEST233,2021-09-23,Confirmed,2021-09-24,2021-10-06,12.0,101.01,1212.15,1212.15,81.5,81.5,1293.65,1293.65,0.0,1293.65,5,0,0,Test home 1,123456,Test Modern apartments,Madrid,booking.com,www.booking.com,1,9,High,Friday,False
TEST234,2021-09-22,Confirmed,2021-09-22,2021-09-24,2.0,65.28,130.56,130.56,53.6,53.6,184.16,184.16,0.0,184.16,2,3,0,Test home 1,123456,Test Modern apartments,Madrid,Airbnb.com,www.airbnb.com,0,9,High,Wednesday,False
TEST235,2021-09-13,Confirmed,2021-09-13,2021-09-17,4.0,83.74,334.97,334.97,50.0,50.0,384.97,384.97,0.0,384.97,4,0,0,Test home 1,123456,Test Modern apartments,Madrid,booking.com,www.booking.com,0,9,High,Monday,False
TEST236,2021-09-11,Confirmed,2021-09-17,2021-09-19,2.0,153.12,306.24,306.24,59.0,59.0,365.24,365.24,0.0,365.24,5,0,0,Test home 1,123456,Test Modern apartments,Madrid,Airbnb.com,www.airbnb.com,6,9,High,Friday,False
TEST237,2021-09-02,Confirmed,2021-09-04,2021-09-11,7.0,79.67,557.72,557.72,75.2,75.2,632.92,632.92,0.0,632.92,4,0,0,Test home 1,123456,Test Modern apartments,Madrid,booking.com,www.booking.com,2,9,High,Saturday,True
TEST238,2021-08-27,Confirmed,2021-08-27,2021-08-29,2.0,160.8,321.6,321.6,59.0,59.0,380.6,380.6,0.0,371.6,5,0,0,Test home 1,123456,Test Modern apartments,Madrid,Airbnb.com,www.airbnb.com,0,8,High,Friday,False
TEST239,2021-08-24,Confirmed,2021-08-24,2021-08-27,3.0,100.56,301.68,301.68,63.5,63.5,365.18,365.18,0.0,351.68,5,0,0,Test home 1,123456,Test Modern apartments,Madrid,booking.com,www.booking.com,0,8,High,Tuesday,False
TEST240,2021-08-19,Confirmed,2021-08-20,2021-08-22,2.0,207.36,414.72,414.72,62.6,62.6,477.32,477.32,0.0,477.32,7,0,0,Test home 1,123456,Test Modern apartments,Madrid,Airbnb.com,www.airbnb.com,1,8,High,Friday,False
TEST241,2021-08-13,Confirmed,2021-08-15,2021-08-20,5.0,138.82,694.08,694.08,77.0,77.0,771.08,771.08,0.0,771.08,6,1,0,Test home 1,123456,Test Modern apartments,Madrid,Airbnb.com,www.airbnb.com,2,8,High,Sunday,True
TEST242,2021-08-05,Confirmed,2021-08-07,2021-08-13,6.0,191.36,1148.16,1148.16,87.8,87.8,1235.96,1235.96,0.0,1235.96,7,0,0,Test home 1,123456,Test Modern apartments,Madrid,Airbnb.com,www.airbnb.com,2,8,High,Saturday,True
TEST243,2021-07-16,Confirmed,2021-07-17,2021-07-19,2.0,179.54,359.08,359.08,60.8,60.8,419.88,419.88,0.0,419.88,6,0,0,Test home 1,123456,Test Modern apartments,Madrid,Olalahomes.com,www.olalahomes.com,1,7,Medium,Saturday,True
TEST244,2021-07-09,Confirmed,2021-07-29,2021-08-06,8.0,238.26,1906.06,1906.06,50.0,50.0,1956.06,1956.06,0.0,1956.06,7,0,0,Test home 1,123456,Test Modern apartments,Madrid,Airbnb.com,www.airbnb.com,20,7,Medium,Thursday,False
TEST245,2021-07-02,Confirmed,2021-07-05,2021-07-09,4.0,78.48,313.93,313.93,21.6,21.6,335.53,335.53,0.0,335.53,6,0,0,Test home 1,123456,Test Modern apartments,Madrid,Expedia.es,www.expedia.es,3,7,Medium,Monday,False
TEST246,2021-07-01,Confirmed,2021-07-11,2021-07-15,4.0,132.48,529.92,529.92,71.6,71.6,601.52,601.52,0.0,589.92,6,0,0,Test home 1,123456,Test Modern apartments,Madrid,Airbnb.com,www.airbnb.com,10,7,Medium,Sunday,True
TEST247,2021-07-01,Confirmed,2021-07-21,2021-07-29,8.0,177.04,1416.35,1416.35,94.1,94.1,1510.45,1510.45,0.0,1510.45,7,0,0,Test home 1,123456,Test Modern apartments,Madrid,booking.com,www.booking.com,20,7,Medium,Wednesday,False
TEST248,2021-06-19,Confirmed,2021-06-20,2021-06-26,6.0,104.33,626.0,626.0,77.0,77.0,703.0,703.0,0.0,703.0,5,0,0,Test home 1,123456,Test Modern apartments,Madrid,Airbnb.com,www.airbnb.com,1,6,Medium,Sunday,True
TEST249,2021-06-14,Confirmed,2021-06-15,2021-06-19,4.0,95.28,381.12,381.12,71.6,71.6,452.72,452.72,0.0,441.12,6,0,0,Test home 1,123456,Test Modern apartments,Madrid,Airbnb.com,www.airbnb.com,1,6,Medium,Tuesday,False
TEST250,2021-06-11,Confirmed,2021-06-13,2021-06-15,2.0,75.84,151.68,151.68,57.2,57.2,208.88,208.88,0.0,206.18,4,2,0,Test home 1,123456,Test Modern apartments,Madrid,Airbnb.com,www.airbnb.com,2,6,Medium,Sunday,True
TEST251,2021-06-07,Confirmed,2021-06-07,2021-06-11,4.0,115.92,463.68,463.68,63.5,63.5,527.18,527.18,0.0,513.68,3,0,0,Test home 1,123456,Test Modern apartments,Madrid,Airbnb.com,www.airbnb.com,0,6,Medium,Monday,False
TEST253,2021-05-30,Confirmed,2021-06-04,2021-06-06,2.0,103.68,207.36,207.36,52.2,52.2,259.56,259.56,0.0,259.56,4,0,0,Test home 1,123456,Test Modern apartments,Madrid,Airbnb.com,www.airbnb.com,5,6,Medium,Friday,False
TEST254,2021-05-19,Confirmed,2021-05-22,2021-05-24,2.0,126.5,253.0,253.0,62.6,62.6,315.6,315.6,0.0,315.6,7,0,0,Test home 1,123456,Test Modern apartments,Madrid,booking.com,www.booking.com,3,5,Medium,Saturday,True
TEST255,2021-05-06,Confirmed,2021-05-07,2021-05-21,14.0,76.42,1069.85,1069.85,299.87,299.87,1369.72,1369.72,0.0,1369.72,4,0,0,Test home 1,123456,Test Modern apartments,Madrid,booking.com,www.booking.com,1,5,Medium,Friday,False
TEST256,2021-04-23,Confirmed,2021-04-26,2021-04-30,4.0,51.6,206.4,206.4,100.54,100.54,306.94,306.94,0.0,306.94,2,0,0,Test home 1,123456,Test Modern apartments,Madrid,booking.com,www.booking.com,3,4,Medium,Monday,False
TEST257,2021-04-05,Confirmed,2021-04-05,2021-04-09,4.0,75.6,302.4,302.4,124.3,124.3,426.7,426.7,0.0,426.7,3,0,0,Test home 1,123456,Test Modern apartments,Madrid,booking.com,www.booking.com,0,4,Medium,Monday,False
TEST258,2021-04-01,Confirmed,2021-04-01,2021-04-02,1.0,101.0,101.0,101.0,0.0,0.0,101.0,101.0,0.0,101.0,2,0,0,Test home 1,123456,Test Modern apartments,Madrid,Direct Booking,Direct,0,4,Medium,Thursday,False
TEST259,2021-03-22,Confirmed,2021-03-23,2021-04-01,9.0,61.67,555.0,555.0,0.0,0.0,555.0,555.0,0.0,555.0,1,0,0,Test home 1,123456,Test Modern apartments,Madrid,Direct Booking,Direct,1,3,Low,Tuesday,False
TEST260,2021-03-16,Confirmed,2021-03-16,2021-03-23,7.0,46.04,322.27,322.27,125.28,125.28,447.55,447.55,0.0,447.55,2,0,0,Test home 1,123456,Test Modern apartments,Madrid,booking.com,www.booking.com,0,3,Low,Tuesday,False
TEST261,2021-03-10,Confirmed,2021-03-10,2021-03-12,2.0,0.0,0.0,0.0,0.0,0.0,0.0,0.0,0.0,0.0,1,0,0,Test home 1,123456,Test Modern apartments,Madrid,Olalahomes.com,www.olalahomes.com,0,3,Low,Wednesday,False
TEST262,2021-03-09,Confirmed,2021-03-12,2021-03-15,3.0,71.0,213.0,213.0,58.1,58.1,271.1,271.1,0.0,265.7,3,0,0,Test home 1,123456,Test Modern apartments,Madrid,booking.com,www.booking.com,3,3,Low,Friday,False
TEST263,2021-02-09,Confirmed,2021-02-09,2021-03-09,28.0,50.38,1410.5,1410.5,56.3,56.3,1466.8,1466.8,0.0,1460.5,1,0,0,Test home 1,123456,Test Modern apartments,Madrid,Airbnb.com,www.airbnb.com,0,2,Low,Tuesday,False
TEST264,2021-02-06,Confirmed,2021-02-06,2021-02-08,2.0,71.5,143.0,143.0,57.2,57.2,200.2,200.2,0.0,200.2,4,0,0,Test home 1,123456,Test Modern apartments,Madrid,Olalahomes.com,www.olalahomes.com,0,2,Low,Saturday,True
TEST265,2021-01-29,Confirmed,2021-01-30,2021-02-02,3.0,64.92,194.75,194.75,252.7,252.7,447.45,447.45,0.0,447.45,1,0,0,Test home 1,123456,Test Modern apartments,Madrid,Olalahomes.com,www.olalahomes.com,1,1,Low,Saturday,True
