Accommodation name,Property ID,Date,Day,Price per night without tax,Year,Month,Day of the Week,Weekend
Test home 1,123456,2022-01-01,5,171.0,2022,1,Saturday,True
Test home 1,123456,2022-01-02,6,107.0,2022,1,Sunday,True
Test home 1,123456,2022-01-03,0,68.0,2022,1,Monday,False
Test home 1,123456,2022-01-04,1,64.0,2022,1,Tuesday,False
Test home 1,123456,2022-01-05,2,64.0,2022,1,Wednesday,False
Test home 1,123456,2022-01-06,3,64.0,2022,1,Thursday,False
Test home 1,123456,2022-01-07,4,59.0,2022,1,Friday,False
Test home 1,123456,2022-01-08,5,59.0,2022,1,Saturday,True
Test home 1,123456,2022-01-09,6,59.0,2022,1,Sunday,True
Test home 1,123456,2022-01-10,0,59.0,2022,1,Monday,False
Test home 1,123456,2022-01-11,1,56.0,2022,1,Tuesday,False
Test home 1,123456,2022-01-12,2,56.0,2022,1,Wednesday,False
Test home 1,123456,2022-01-13,3,56.0,2022,1,Thursday,False
Test home 1,123456,2022-01-14,4,78.0,2022,1,Friday,False
Test home 1,123456,2022-01-15,5,60.0,2022,1,Saturday,True
Test home 1,123456,2022-01-16,6,60.0,2022,1,Sunday,True
Test home 1,123456,2022-01-17,0,56.0,2022,1,Monday,False
Test home 1,123456,2022-01-18,1,56.0,2022,1,Tuesday,False
Test home 1,123456,2022-01-19,2,56.0,2022,1,Wednesday,False
Test home 1,123456,2022-01-20,3,60.0,2022,1,Thursday,False
Test home 1,123456,2022-01-21,4,60.0,2022,1,Friday,False
Test home 1,123456,2022-01-22,5,60.0,2022,1,Saturday,True
Test home 1,123456,2022-01-23,6,60.0,2022,1,Sunday,True
Test home 1,123456,2022-01-24,0,56.0,2022,1,Monday,False
Test home 1,123456,2022-01-25,1,55.0,2022,1,Tuesday,False
Test home 1,123456,2022-01-26,2,51.0,2022,1,Wednesday,False
Test home 1,123456,2022-01-27,3,51.0,2022,1,Thursday,False
Test home 1,123456,2022-01-28,4,52.0,2022,1,Friday,False
Test home 1,123456,2022-01-29,5,52.0,2022,1,Saturday,True
Test home 1,123456,2022-01-30,6,52.0,2022,1,Sunday,True
Test home 1,123456,2022-01-31,0,52.0,2022,1,Monday,False
Test home 1,123456,2022-02-01,1,52.0,2022,2,Tuesday,False
Test home 1,123456,2022-02-02,2,52.0,2022,2,Wednesday,False
Test home 1,123456,2022-02-03,3,66.0,2022,2,Thursday,False
Test home 1,123456,2022-02-04,4,74.0,2022,2,Friday,False
Test home 1,123456,2022-02-05,5,79.0,2022,2,Saturday,True
Test home 1,123456,2022-02-06,6,55.0,2022,2,Sunday,True
Test home 1,123456,2022-02-07,0,52.0,2022,2,Monday,False
Test home 1,123456,2022-02-08,1,52.0,2022,2,Tuesday,False
Test home 1,123456,2022-02-09,2,52.0,2022,2,Wednesday,False
Test home 1,123456,2022-02-10,3,88.0,2022,2,Thursday,False
Test home 1,123456,2022-02-11,4,92.0,2022,2,Friday,False
Test home 1,123456,2022-02-12,5,96.0,2022,2,Saturday,True
Test home 1,123456,2022-02-13,6,65.0,2022,2,Sunday,True
Test home 1,123456,2022-02-14,0,65.0,2022,2,Monday,False
Test home 1,123456,2022-02-15,1,88.0,2022,2,Tuesday,False
Test home 1,123456,2022-02-16,2,96.0,2022,2,Wednesday,False
Test home 1,123456,2022-02-17,3,98.0,2022,2,Thursday,False
Test home 1,123456,2022-02-18,4,106.0,2022,2,Friday,False
Test home 1,123456,2022-02-19,5,106.0,2022,2,Saturday,True
Test home 1,123456,2022-02-20,6,96.0,2022,2,Sunday,True
Test home 1,123456,2022-02-21,0,65.0,2022,2,Monday,False
Test home 1,123456,2022-02-22,1,65.0,2022,2,Tuesday,False
Test home 1,123456,2022-02-23,2,65.0,2022,2,Wednesday,False
Test home 1,123456,2022-02-24,3,126.0,2022,2,Thursday,False
Test home 1,123456,2022-02-25,4,130.0,2022,2,Friday,False
Test home 1,123456,2022-02-26,5,175.0,2022,2,Saturday,True
Test home 1,123456,2022-02-27,6,256.0,2022,2,Sunday,True
Test home 1,123456,2022-02-28,0,213.0,2022,2,Monday,False
Test home 1,123456,2022-03-01,1,207.0,2022,3,Tuesday,False
Test home 1,123456,2022-03-02,2,170.0,2022,3,Wednesday,False
Test home 1,123456,2022-03-03,3,155.0,2022,3,Thursday,False
Test home 1,123456,2022-03-04,4,112.0,2022,3,Friday,False
Test home 1,123456,2022-03-05,5,113.0,2022,3,Saturday,True
Test home 1,123456,2022-03-06,6,65.0,2022,3,Sunday,True
Test home 1,123456,2022-03-07,0,65.0,2022,3,Monday,False
Test home 1,123456,2022-03-08,1,65.0,2022,3,Tuesday,False
Test home 1,123456,2022-03-09,2,65.0,2022,3,Wednesday,False
Test home 1,123456,2022-03-10,3,163.0,2022,3,Thursday,False
Test home 1,123456,2022-03-11,4,167.0,2022,3,Friday,False
Test home 1,123456,2022-03-12,5,166.0,2022,3,Saturday,True
Test home 1,123456,2022-03-13,6,107.0,2022,3,Sunday,True
Test home 1,123456,2022-03-14,0,63.0,2022,3,Monday,False
Test home 1,123456,2022-03-15,1,57.0,2022,3,Tuesday,False
Test home 1,123456,2022-03-16,2,58.0,2022,3,Wednesday,False
Test home 1,123456,2022-03-17,3,124.0,2022,3,Thursday,False
Test home 1,123456,2022-03-18,4,134.0,2022,3,Friday,False
Test home 1,123456,2022-03-19,5,141.0,2022,3,Saturday,True
Test home 1,123456,2022-03-20,6,84.0,2022,3,Sunday,True
Test home 1,123456,2022-03-21,0,78.0,2022,3,Monday,False
Test home 1,123456,2022-03-22,1,78.0,2022,3,Tuesday,False
Test home 1,123456,2022-03-23,2,82.0,2022,3,Wednesday,False
Test home 1,123456,2022-03-24,3,121.0,2022,3,Thursday,False
Test home 1,123456,2022-03-25,4,170.0,2022,3,Friday,False
Test home 1,123456,2022-03-26,5,180.0,2022,3,Saturday,True
Test home 1,123456,2022-03-27,6,107.0,2022,3,Sunday,True
Test home 1,123456,2022-03-28,0,100.0,2022,3,Monday,False
Test home 1,123456,2022-03-29,1,98.0,2022,3,Tuesday,False
Test home 1,123456,2022-03-30,2,160.0,2022,3,Wednesday,False
Test home 1,123456,2022-03-31,3,161.0,2022,3,Thursday,False
Test home 1,123456,2022-04-01,4,206.0,2022,4,Friday,False
Test home 1,123456,2022-04-02,5,234.0,2022,4,Saturday,True
Test home 1,123456,2022-04-03,6,200.0,2022,4,Sunday,True
Test home 1,123456,2022-04-04,0,173.0,2022,4,Monday,False
Test home 1,123456,2022-04-05,1,176.0,2022,4,Tuesday,False
Test home 1,123456,2022-04-06,2,135.0,2022,4,Wednesday,False
Test home 1,123456,2022-04-07,3,145.0,2022,4,Thursday,False
Test home 1,123456,2022-04-08,4,131.0,2022,4,Friday,False
Test home 1,123456,2022-04-09,5,143.0,2022,4,Saturday,True
Test home 1,123456,2022-04-10,6,195.0,2022,4,Sunday,True
Test home 1,123456,2022-04-11,0,146.0,2022,4,Monday,False
Test home 1,123456,2022-04-12,1,158.0,2022,4,Tuesday,False
Test home 1,123456,2022-04-13,2,164.0,2022,4,Wednesday,False
Test home 1,123456,2022-04-14,3,418.0,2022,4,Thursday,False
Test home 1,123456,2022-04-15,4,519.0,2022,4,Friday,False
Test home 1,123456,2022-04-16,5,366.0,2022,4,Saturday,True
Test home 1,123456,2022-04-17,6,276.0,2022,4,Sunday,True
Test home 1,123456,2022-04-18,0,153.0,2022,4,Monday,False
Test home 1,123456,2022-04-19,1,117.0,2022,4,Tuesday,False
Test home 1,123456,2022-04-20,2,151.0,2022,4,Wednesday,False
Test home 1,123456,2022-04-21,3,156.0,2022,4,Thursday,False
Test home 1,123456,2022-04-22,4,243.0,2022,4,Friday,False
Test home 1,123456,2022-04-23,5,224.0,2022,4,Saturday,True
Test home 1,123456,2022-04-24,6,185.0,2022,4,Sunday,True
Test home 1,123456,2022-04-25,0,166.0,2022,4,Monday,False
Test home 1,123456,2022-04-26,1,170.0,2022,4,Tuesday,False
Test home 1,123456,2022-04-27,2,170.0,2022,4,Wednesday,False
Test home 1,123456,2022-04-28,3,177.0,2022,4,Thursday,False
Test home 1,123456,2022-04-29,4,249.0,2022,4,Friday,False
Test home 1,123456,2022-04-30,5,222.0,2022,4,Saturday,True
Test home 1,123456,2022-05-01,6,158.0,2022,5,Sunday,True
Test home 1,123456,2022-05-02,0,136.0,2022,5,Monday,False
Test home 1,123456,2022-05-03,1,122.0,2022,5,Tuesday,False
Test home 1,123456,2022-05-04,2,124.0,2022,5,Wednesday,False
Test home 1,123456,2022-05-05,3,177.0,2022,5,Thursday,False
Test home 1,123456,2022-05-06,4,172.0,2022,5,Friday,False
Test home 1,123456,2022-05-07,5,249.0,2022,5,Saturday,True
Test home 1,123456,2022-05-08,6,249.0,2022,5,Sunday,True
Test home 1,123456,2022-05-09,0,223.0,2022,5,Monday,False
Test home 1,123456,2022-05-10,1,271.0,2022,5,Tuesday,False
Test home 1,123456,2022-05-11,2,328.0,2022,5,Wednesday,False
Test home 1,123456,2022-05-12,3,238.0,2022,5,Thursday,False
Test home 1,123456,2022-05-13,4,190.0,2022,5,Friday,False
Test home 1,123456,2022-05-14,5,285.0,2022,5,Saturday,True
Test home 1,123456,2022-05-15,6,148.0,2022,5,Sunday,True
Test home 1,123456,2022-05-16,0,88.0,2022,5,Monday,False
Test home 1,123456,2022-05-17,1,90.0,2022,5,Tuesday,False
Test home 1,123456,2022-05-18,2,114.0,2022,5,Wednesday,False
Test home 1,123456,2022-05-19,3,158.0,2022,5,Thursday,False
Test home 1,123456,2022-05-22,6,154.0,2022,5,Sunday,True
Test home 1,123456,2022-05-23,0,163.0,2022,5,Monday,False
Test home 1,123456,2022-05-24,1,131.0,2022,5,Tuesday,False
Test home 1,123456,2022-05-25,2,138.0,2022,5,Wednesday,False
Test home 1,123456,2022-05-26,3,292.0,2022,5,Thursday,False
Test home 1,123456,2022-05-27,4,459.0,2022,5,Friday,False
Test home 1,123456,2022-05-28,5,436.0,2022,5,Saturday,True
Test home 1,123456,2022-05-29,6,94.0,2022,5,Sunday,True
Test home 1,123456,2022-05-30,0,91.0,2022,5,Monday,False
Test home 1,123456,2022-05-31,1,93.0,2022,5,Tuesday,False
Test home 1,123456,2022-06-01,2,167.0,2022,6,Wednesday,False
Test home 1,123456,2022-06-02,3,224.0,2022,6,Thursday,False
Test home 1,123456,2022-06-03,4,287.0,2022,6,Friday,False
Test home 1,123456,2022-06-04,5,560.0,2022,6,Saturday,True
Test home 1,123456,2022-06-05,6,192.0,2022,6,Sunday,True
Test home 1,123456,2022-06-06,0,159.0,2022,6,Monday,False
Test home 1,123456,2022-06-07,1,190.0,2022,6,Tuesday,False
Test home 1,123456,2022-06-08,2,191.0,2022,6,Wednesday,False
Test home 1,123456,2022-06-09,3,377.0,2022,6,Thursday,False
Test home 1,123456,2022-06-10,4,375.0,2022,6,Friday,False
Test home 1,123456,2022-06-11,5,376.0,2022,6,Saturday,True
Test home 1,123456,2022-06-12,6,156.0,2022,6,Sunday,True
Test home 1,123456,2022-06-13,0,122.0,2022,6,Monday,False
Test home 1,123456,2022-06-14,1,118.0,2022,6,Tuesday,False
Test home 1,123456,2022-06-15,2,118.0,2022,6,Wednesday,False
Test home 1,123456,2022-06-16,3,116.0,2022,6,Thursday,False
Test home 1,123456,2022-06-17,4,262.0,2022,6,Friday,False
Test home 1,123456,2022-06-18,5,179.0,2022,6,Saturday,True
Test home 1,123456,2022-06-19,6,129.0,2022,6,Sunday,True
Test home 1,123456,2022-06-20,0,118.0,2022,6,Monday,False
Test home 1,123456,2022-06-21,1,101.0,2022,6,Tuesday,False
Test home 1,123456,2022-06-22,2,96.0,2022,6,Wednesday,False
Test home 1,123456,2022-06-23,3,102.0,2022,6,Thursday,False
Test home 1,123456,2022-06-24,4,200.0,2022,6,Friday,False
Test home 1,123456,2022-06-25,5,226.0,2022,6,Saturday,True
Test home 1,123456,2022-06-26,6,129.0,2022,6,Sunday,True
Test home 1,123456,2022-06-27,0,104.0,2022,6,Monday,False
Test home 1,123456,2022-06-28,1,112.0,2022,6,Tuesday,False
Test home 1,123456,2022-06-29,2,115.0,2022,6,Wednesday,False
Test home 1,123456,2022-06-30,3,161.0,2022,6,Thursday,False
Test home 1,123456,2022-07-01,4,257.0,2022,7,Friday,False
Test home 1,123456,2022-07-02,5,256.0,2022,7,Saturday,True
Test home 1,123456,2022-07-03,6,152.0,2022,7,Sunday,True
Test home 1,123456,2022-07-04,0,147.0,2022,7,Monday,False
Test home 1,123456,2022-07-05,1,150.0,2022,7,Tuesday,False
Test home 1,123456,2022-07-06,2,148.0,2022,7,Wednesday,False
Test home 1,123456,2022-07-07,3,245.0,2022,7,Thursday,False
Test home 1,123456,2022-07-08,4,261.0,2022,7,Friday,False
Test home 1,123456,2022-07-09,5,206.0,2022,7,Saturday,True
Test home 1,123456,2022-07-10,6,146.0,2022,7,Sunday,True
Test home 1,123456,2022-07-11,0,149.0,2022,7,Monday,False
Test home 1,123456,2022-07-12,1,138.0,2022,7,Tuesday,False
Test home 1,123456,2022-07-13,2,160.0,2022,7,Wednesday,False
Test home 1,123456,2022-07-14,3,186.0,2022,7,Thursday,False
Test home 1,123456,2022-07-15,4,228.0,2022,7,Friday,False
Test home 1,123456,2022-07-16,5,195.0,2022,7,Saturday,True
Test home 1,123456,2022-07-17,6,135.0,2022,7,Sunday,True
Test home 1,123456,2022-07-18,0,129.0,2022,7,Monday,False
Test home 1,123456,2022-07-19,1,130.0,2022,7,Tuesday,False
Test home 1,123456,2022-07-20,2,137.0,2022,7,Wednesday,False
Test home 1,123456,2022-07-21,3,194.0,2022,7,Thursday,False
Test home 1,123456,2022-07-22,4,300.0,2022,7,Friday,False
Test home 1,123456,2022-07-23,5,228.0,2022,7,Saturday,True
Test home 1,123456,2022-07-24,6,174.0,2022,7,Sunday,True
Test home 1,123456,2022-07-25,0,166.0,2022,7,Monday,False
Test home 1,123456,2022-07-26,1,158.0,2022,7,Tuesday,False
Test home 1,123456,2022-07-27,2,152.0,2022,7,Wednesday,False
Test home 1,123456,2022-07-28,3,168.0,2022,7,Thursday,False
Test home 1,123456,2022-07-29,4,206.0,2022,7,Friday,False
Test home 1,123456,2022-07-30,5,220.0,2022,7,Saturday,True
Test home 1,123456,2022-07-31,6,228.0,2022,7,Sunday,True
Test home 1,123456,2022-08-01,0,182.0,2022,8,Monday,False
Test home 1,123456,2022-08-02,1,177.0,2022,8,Tuesday,False
Test home 1,123456,2022-08-03,2,167.0,2022,8,Wednesday,False
Test home 1,123456,2022-08-04,3,161.0,2022,8,Thursday,False
Test home 1,123456,2022-08-05,4,167.0,2022,8,Friday,False
Test home 1,123456,2022-08-06,5,183.0,2022,8,Saturday,True
Test home 1,123456,2022-08-07,6,216.0,2022,8,Sunday,True
Test home 1,123456,2022-08-08,0,229.0,2022,8,Monday,False
Test home 1,123456,2022-08-09,1,209.0,2022,8,Tuesday,False
Test home 1,123456,2022-08-10,2,259.0,2022,8,Wednesday,False
Test home 1,123456,2022-08-11,3,298.0,2022,8,Thursday,False
Test home 1,123456,2022-08-12,4,239.0,2022,8,Friday,False
Test home 1,123456,2022-08-13,5,243.0,2022,8,Saturday,True
Test home 1,123456,2022-08-14,6,257.0,2022,8,Sunday,True
Test home 1,123456,2022-08-15,0,249.0,2022,8,Monday,False
Test home 1,123456,2022-08-16,1,204.0,2022,8,Tuesday,False
Test home 1,123456,2022-08-17,2,207.0,2022,8,Wednesday,False
Test home 1,123456,2022-08-18,3,224.0,2022,8,Thursday,False
Test home 1,123456,2022-08-19,4,215.0,2022,8,Friday,False
Test home 1,123456,2022-08-20,5,202.0,2022,8,Saturday,True
Test home 1,123456,2022-08-21,6,168.0,2022,8,Sunday,True
Test home 1,123456,2022-08-22,0,179.0,2022,8,Monday,False
Test home 1,123456,2022-08-23,1,192.0,2022,8,Tuesday,False
Test home 1,123456,2022-08-24,2,207.0,2022,8,Wednesday,False
Test home 1,123456,2022-08-25,3,253.0,2022,8,Thursday,False
Test home 1,123456,2022-08-26,4,218.0,2022,8,Friday,False
Test home 1,123456,2022-08-27,5,209.0,2022,8,Saturday,True
Test home 1,123456,2022-08-28,6,172.0,2022,8,Sunday,True
Test home 1,123456,2022-08-29,0,104.0,2022,8,Monday,False
Test home 1,123456,2022-08-30,1,92.0,2022,8,Tuesday,False
Test home 1,123456,2022-08-31,2,107.0,2022,8,Wednesday,False
Test home 1,123456,2022-09-01,3,108.0,2022,9,Thursday,False
Test home 1,123456,2022-09-02,4,130.0,2022,9,Friday,False
Test home 1,123456,2022-09-03,5,207.0,2022,9,Saturday,True
Test home 1,123456,2022-09-04,6,159.0,2022,9,Sunday,True
Test home 1,123456,2022-09-05,0,142.0,2022,9,Monday,False
Test home 1,123456,2022-09-06,1,151.0,2022,9,Tuesday,False
Test home 1,123456,2022-09-07,2,143.0,2022,9,Wednesday,False
Test home 1,123456,2022-09-08,3,147.0,2022,9,Thursday,False
Test home 1,123456,2022-09-09,4,173.0,2022,9,Friday,False
Test home 1,123456,2022-09-10,5,182.0,2022,9,Saturday,True
Test home 1,123456,2022-09-11,6,136.0,2022,9,Sunday,True
Test home 1,123456,2022-09-12,0,129.0,2022,9,Monday,False
Test home 1,123456,2022-09-13,1,133.0,2022,9,Tuesday,False
Test home 1,123456,2022-09-14,2,177.0,2022,9,Wednesday,False
Test home 1,123456,2022-09-15,3,175.0,2022,9,Thursday,False
Test home 1,123456,2022-09-16,4,214.0,2022,9,Friday,False
Test home 1,123456,2022-09-17,5,214.0,2022,9,Saturday,True
Test home 1,123456,2022-09-18,6,135.0,2022,9,Sunday,True
Test home 1,123456,2022-09-19,0,111.0,2022,9,Monday,False
Test home 1,123456,2022-09-20,1,109.0,2022,9,Tuesday,False
Test home 1,123456,2022-09-21,2,119.0,2022,9,Wednesday,False
Test home 1,123456,2022-09-22,3,191.0,2022,9,Thursday,False
Test home 1,123456,2022-09-23,4,228.0,2022,9,Friday,False
Test home 1,123456,2022-09-24,5,222.0,2022,9,Saturday,True
Test home 1,123456,2022-09-25,6,138.0,2022,9,Sunday,True
Test home 1,123456,2022-09-26,0,94.0,2022,9,Monday,False
Test home 1,123456,2022-09-27,1,128.0,2022,9,Tuesday,False
Test home 1,123456,2022-09-28,2,111.0,2022,9,Wednesday,False
Test home 1,123456,2022-09-29,3,112.0,2022,9,Thursday,False
Test home 1,123456,2022-09-30,4,202.0,2022,9,Friday,False
Test home 1,123456,2022-10-01,5,165.0,2022,10,Saturday,True
Test home 1,123456,2022-10-02,6,132.0,2022,10,Sunday,True
Test home 1,123456,2022-10-03,0,105.0,2022,10,Monday,False
Test home 1,123456,2022-10-04,1,135.0,2022,10,Tuesday,False
Test home 1,123456,2022-10-05,2,105.0,2022,10,Wednesday,False
Test home 1,123456,2022-10-06,3,179.0,2022,10,Thursday,False
Test home 1,123456,2022-10-07,4,223.0,2022,10,Friday,False
Test home 1,123456,2022-10-08,5,225.0,2022,10,Saturday,True
Test home 1,123456,2022-10-09,6,165.0,2022,10,Sunday,True
Test home 1,123456,2022-10-10,0,115.0,2022,10,Monday,False
Test home 1,123456,2022-10-11,1,111.0,2022,10,Tuesday,False
Test home 1,123456,2022-10-12,2,133.0,2022,10,Wednesday,False
Test home 1,123456,2022-10-13,3,116.0,2022,10,Thursday,False
Test home 1,123456,2022-10-14,4,161.0,2022,10,Friday,False
Test home 1,123456,2022-10-15,5,158.0,2022,10,Saturday,True
Test home 1,123456,2022-10-16,6,114.0,2022,10,Sunday,True
Test home 1,123456,2022-10-17,0,98.0,2022,10,Monday,False
Test home 1,123456,2022-10-18,1,98.0,2022,10,Tuesday,False
Test home 1,123456,2022-10-19,2,228.0,2022,10,Wednesday,False
Test home 1,123456,2022-10-20,3,171.0,2022,10,Thursday,False
Test home 1,123456,2022-10-21,4,238.0,2022,10,Friday,False
Test home 1,123456,2022-10-22,5,253.0,2022,10,Saturday,True
Test home 1,123456,2022-10-23,6,231.0,2022,10,Sunday,True
Test home 1,123456,2022-10-24,0,169.0,2022,10,Monday,False
Test home 1,123456,2022-10-25,1,177.0,2022,10,Tuesday,False
Test home 1,123456,2022-10-26,2,173.0,2022,10,Wednesday,False
Test home 1,123456,2022-10-27,3,158.0,2022,10,Thursday,False
Test home 1,123456,2022-10-28,4,148.0,2022,10,Friday,False
Test home 1,123456,2022-10-29,5,275.0,2022,10,Saturday,True
Test home 1,123456,2022-10-30,6,230.0,2022,10,Sunday,True
Test home 1,123456,2022-10-31,0,123.0,2022,10,Monday,False
Test home 1,123456,2022-11-01,1,107.0,2022,11,Tuesday,False
Test home 1,123456,2022-11-02,2,90.0,2022,11,Wednesday,False
Test home 1,123456,2022-11-03,3,111.0,2022,11,Thursday,False
Test home 1,123456,2022-11-04,4,124.0,2022,11,Friday,False
Test home 1,123456,2022-11-05,5,153.0,2022,11,Saturday,True
Test home 1,123456,2022-11-06,6,123.0,2022,11,Sunday,True
Test home 1,123456,2022-11-07,0,122.0,2022,11,Monday,False
Test home 1,123456,2022-11-08,1,135.0,2022,11,Tuesday,False
Test home 1,123456,2022-11-09,2,109.0,2022,11,Wednesday,False
Test home 1,123456,2022-11-10,3,121.0,2022,11,Thursday,False
Test home 1,123456,2022-11-11,4,177.0,2022,11,Friday,False
Test home 1,123456,2022-11-12,5,167.0,2022,11,Saturday,True
Test home 1,123456,2022-11-13,6,93.0,2022,11,Sunday,True
Test home 1,123456,2022-11-14,0,90.0,2022,11,Monday,False
Test home 1,123456,2022-11-15,1,92.0,2022,11,Tuesday,False
Test home 1,123456,2022-11-16,2,89.0,2022,11,Wednesday,False
Test home 1,123456,2022-11-17,3,106.0,2022,11,Thursday,False
Test home 1,123456,2022-11-18,4,105.0,2022,11,Friday,False
Test home 1,123456,2022-11-19,5,107.0,2022,11,Saturday,True
Test home 1,123456,2022-11-20,6,68.0,2022,11,Sunday,True
Test home 1,123456,2022-11-21,0,64.0,2022,11,Monday,False
Test home 1,123456,2022-11-22,1,60.0,2022,11,Tuesday,False
Test home 1,123456,2022-11-23,2,60.0,2022,11,Wednesday,False
Test home 1,123456,2022-11-24,3,60.0,2022,11,Thursday,False
Test home 1,123456,2022-11-25,4,81.0,2022,11,Friday,False
Test home 1,123456,2022-11-26,5,90.0,2022,11,Saturday,True
Test home 1,123456,2022-11-27,6,80.0,2022,11,Sunday,True
Test home 1,123456,2022-11-28,0,68.0,2022,11,Monday,False
Test home 1,123456,2022-11-29,1,64.0,2022,11,Tuesday,False
Test home 1,123456,2022-11-30,2,64.0,2022,11,Wednesday,False
Test home 1,123456,2022-12-01,3,64.0,2022,12,Thursday,False
Test home 1,123456,2022-12-02,4,73.0,2022,12,Friday,False
Test home 1,123456,2022-12-03,5,91.0,2022,12,Saturday,True
Test home 1,123456,2022-12-04,6,82.0,2022,12,Sunday,True
Test home 1,123456,2022-12-05,0,68.0,2022,12,Monday,False
Test home 1,123456,2022-12-06,1,68.0,2022,12,Tuesday,False
Test home 1,123456,2022-12-07,2,68.0,2022,12,Wednesday,False
Test home 1,123456,2022-12-08,3,68.0,2022,12,Thursday,False
Test home 1,123456,2022-12-09,4,75.0,2022,12,Friday,False
Test home 1,123456,2022-12-10,5,74.0,2022,12,Saturday,True
Test home 1,123456,2022-12-11,6,62.0,2022,12,Sunday,True
Test home 1,123456,2022-12-12,0,60.0,2022,12,Monday,False
Test home 1,123456,2022-12-13,1,60.0,2022,12,Tuesday,False
Test home 1,123456,2022-12-14,2,60.0,2022,12,Wednesday,False
Test home 1,123456,2022-12-15,3,64.0,2022,12,Thursday,False
Test home 1,123456,2022-12-16,4,76.0,2022,12,Friday,False
Test home 1,123456,2022-12-17,5,80.0,2022,12,Saturday,True
Test home 1,123456,2022-12-18,6,70.0,2022,12,Sunday,True
Test home 1,123456,2022-12-19,0,71.0,2022,12,Monday,False
Test home 1,123456,2022-12-20,1,76.0,2022,12,Tuesday,False
Test home 1,123456,2022-12-21,2,81.0,2022,12,Wednesday,False
Test home 1,123456,2022-12-22,3,85.0,2022,12,Thursday,False
Test home 1,123456,2022-12-23,4,98.0,2022,12,Friday,False
Test home 1,123456,2022-12-24,5,130.0,2022,12,Saturday,True
Test home 1,123456,2022-12-25,6,104.0,2022,12,Sunday,True
Test home 1,123456,2022-12-26,0,108.0,2022,12,Monday,False
Test home 1,123456,2022-12-27,1,121.0,2022,12,Tuesday,False
Test home 1,123456,2022-12-28,2,127.0,2022,12,Wednesday,False
Test home 1,123456,2022-12-29,3,142.0,2022,12,Thursday,False
Test home 1,123456,2022-12-30,4,295.0,2022,12,Friday,False
Test home 1,123456,2022-12-31,5,307.5,2022,12,Saturday,True
Test home 1,123456,2022-12-31,5,320.0,2022,12,Saturday,True
Test home 1,123456,2023-01-01,6,136.0,2023,1,Sunday,True
Test home 1,123456,2023-01-02,0,97.0,2023,1,Monday,False
Test home 1,123456,2023-01-03,1,90.0,2023,1,Tuesday,False
Test home 1,123456,2023-01-04,2,82.0,2023,1,Wednesday,False
Test home 1,123456,2023-01-05,3,76.0,2023,1,Thursday,False
Test home 1,123456,2023-01-06,4,92.0,2023,1,Friday,False
Test home 1,123456,2023-01-07,5,73.0,2023,1,Saturday,True
Test home 1,123456,2023-01-08,6,62.0,2023,1,Sunday,True
Test home 1,123456,2023-01-09,0,60.0,2023,1,Monday,False
Test home 1,123456,2023-01-10,1,60.0,2023,1,Tuesday,False
Test home 1,123456,2023-01-11,2,60.0,2023,1,Wednesday,False
Test home 1,123456,2023-01-12,3,85.0,2023,1,Thursday,False
Test home 1,123456,2023-01-13,4,79.0,2023,1,Friday,False
Test home 1,123456,2023-01-14,5,91.0,2023,1,Saturday,True
Test home 1,123456,2023-01-15,6,80.0,2023,1,Sunday,True
Test home 1,123456,2023-01-16,0,75.0,2023,1,Monday,False
Test home 1,123456,2023-01-17,1,74.0,2023,1,Tuesday,False
Test home 1,123456,2023-01-18,2,74.0,2023,1,Wednesday,False
Test home 1,123456,2023-01-19,3,93.0,2023,1,Thursday,False
Test home 1,123456,2023-01-20,4,84.0,2023,1,Friday,False
Test home 1,123456,2023-01-21,5,88.0,2023,1,Saturday,True
Test home 1,123456,2023-01-22,6,79.0,2023,1,Sunday,True
Test home 1,123456,2023-01-23,0,65.0,2023,1,Monday,False
Test home 1,123456,2023-01-24,1,69.0,2023,1,Tuesday,False
Test home 1,123456,2023-01-25,2,71.0,2023,1,Wednesday,False
Test home 1,123456,2023-01-26,3,76.0,2023,1,Thursday,False
Test home 1,123456,2023-01-27,4,84.0,2023,1,Friday,False
Test home 1,123456,2023-01-28,5,108.0,2023,1,Saturday,True
Test home 1,123456,2023-01-29,6,75.0,2023,1,Sunday,True
Test home 1,123456,2023-01-30,0,145.0,2023,1,Monday,False
Test home 1,123456,2023-01-31,1,234.0,2023,1,Tuesday,False
Test home 1,123456,2023-02-01,2,321.0,2023,2,Wednesday,False
Test home 1,123456,2023-02-02,3,153.0,2023,2,Thursday,False
Test home 1,123456,2023-02-03,4,106.0,2023,2,Friday,False
Test home 1,123456,2023-02-04,5,108.0,2023,2,Saturday,True
Test home 1,123456,2023-02-05,6,97.0,2023,2,Sunday,True
Test home 1,123456,2023-02-06,0,68.0,2023,2,Monday,False
Test home 1,123456,2023-02-07,1,66.0,2023,2,Tuesday,False
Test home 1,123456,2023-02-08,2,64.0,2023,2,Wednesday,False
Test home 1,123456,2023-02-09,3,65.0,2023,2,Thursday,False
Test home 1,123456,2023-02-10,4,101.0,2023,2,Friday,False
Test home 1,123456,2023-02-11,5,104.0,2023,2,Saturday,True
Test home 1,123456,2023-02-12,6,68.0,2023,2,Sunday,True
Test home 1,123456,2023-02-13,0,64.0,2023,2,Monday,False
Test home 1,123456,2023-02-14,1,64.0,2023,2,Tuesday,False
Test home 1,123456,2023-02-15,2,77.0,2023,2,Wednesday,False
Test home 1,123456,2023-02-16,3,227.0,2023,2,Thursday,False
Test home 1,123456,2023-02-17,4,213.0,2023,2,Friday,False
Test home 1,123456,2023-02-18,5,281.0,2023,2,Saturday,True
Test home 1,123456,2023-02-19,6,235.0,2023,2,Sunday,True
Test home 1,123456,2023-02-20,0,189.0,2023,2,Monday,False
Test home 1,123456,2023-02-21,1,83.0,2023,2,Tuesday,False
Test home 1,123456,2023-02-22,2,87.0,2023,2,Wednesday,False
Test home 1,123456,2023-02-23,3,100.0,2023,2,Thursday,False
Test home 1,123456,2023-02-24,4,125.0,2023,2,Friday,False
Test home 1,123456,2023-02-25,5,125.0,2023,2,Saturday,True
Test home 1,123456,2023-02-26,6,409.0,2023,2,Sunday,True
Test home 1,123456,2023-02-27,0,387.0,2023,2,Monday,False
Test home 1,123456,2023-02-28,1,378.0,2023,2,Tuesday,False
Test home 1,123456,2023-03-01,2,252.0,2023,3,Wednesday,False
Test home 1,123456,2023-03-02,3,109.0,2023,3,Thursday,False
Test home 1,123456,2023-03-03,4,151.0,2023,3,Friday,False
Test home 1,123456,2023-03-04,5,153.0,2023,3,Saturday,True
Test home 1,123456,2023-03-05,6,121.0,2023,3,Sunday,True
Test home 1,123456,2023-03-06,0,89.0,2023,3,Monday,False
Test home 1,123456,2023-03-07,1,75.0,2023,3,Tuesday,False
Test home 1,123456,2023-03-08,2,75.0,2023,3,Wednesday,False
Test home 1,123456,2023-03-09,3,88.0,2023,3,Thursday,False
Test home 1,123456,2023-03-10,4,143.0,2023,3,Friday,False
Test home 1,123456,2023-03-11,5,138.0,2023,3,Saturday,True
Test home 1,123456,2023-03-12,6,80.0,2023,3,Sunday,True
Test home 1,123456,2023-03-13,0,80.0,2023,3,Monday,False
Test home 1,123456,2023-03-14,1,80.0,2023,3,Tuesday,False
Test home 1,123456,2023-03-15,2,80.0,2023,3,Wednesday,False
Test home 1,123456,2023-03-16,3,99.0,2023,3,Thursday,False
Test home 1,123456,2023-03-17,4,119.0,2023,3,Friday,False
Test home 1,123456,2023-03-18,5,210.0,2023,3,Saturday,True
Test home 1,123456,2023-03-19,6,100.0,2023,3,Sunday,True
Test home 1,123456,2023-03-20,0,75.0,2023,3,Monday,False
Test home 1,123456,2023-03-21,1,70.0,2023,3,Tuesday,False
Test home 1,123456,2023-03-22,2,70.0,2023,3,Wednesday,False
Test home 1,123456,2023-03-23,3,85.0,2023,3,Thursday,False
Test home 1,123456,2023-03-24,4,118.0,2023,3,Friday,False
Test home 1,123456,2023-03-25,5,250.0,2023,3,Saturday,True
Test home 1,123456,2023-03-26,6,231.0,2023,3,Sunday,True
Test home 1,123456,2023-03-27,0,156.0,2023,3,Monday,False
Test home 1,123456,2023-03-28,1,154.0,2023,3,Tuesday,False
Test home 1,123456,2023-03-29,2,156.0,2023,3,Wednesday,False
Test home 1,123456,2023-03-30,3,80.0,2023,3,Thursday,False
Test home 1,123456,2023-03-31,4,99.0,2023,3,Friday,False
Test home 1,123456,2023-04-01,5,284.0,2023,4,Saturday,True
Test home 1,123456,2023-04-02,6,105.0,2023,4,Sunday,True
Test home 1,123456,2023-04-03,0,122.0,2023,4,Monday,False
Test home 1,123456,2023-04-04,1,125.0,2023,4,Tuesday,False
Test home 1,123456,2023-04-05,2,163.0,2023,4,Wednesday,False
Test home 1,123456,2023-04-06,3,113.0,2023,4,Thursday,False
Test home 1,123456,2023-04-07,4,224.0,2023,4,Friday,False
Test home 1,123456,2023-04-08,5,169.0,2023,4,Saturday,True
Test home 1,123456,2023-04-09,6,290.0,2023,4,Sunday,True
Test home 1,123456,2023-04-10,0,123.0,2023,4,Monday,False
Test home 1,123456,2023-04-11,1,103.0,2023,4,Tuesday,False
Test home 1,123456,2023-04-12,2,104.0,2023,4,Wednesday,False
Test home 1,123456,2023-04-13,3,112.0,2023,4,Thursday,False
Test home 1,123456,2023-04-14,4,175.0,2023,4,Friday,False
Test home 1,123456,2023-04-15,5,174.0,2023,4,Saturday,True
Test home 1,123456,2023-04-16,6,150.0,2023,4,Sunday,True
Test home 1,123456,2023-04-17,0,93.0,2023,4,Monday,False
Test home 1,123456,2023-04-18,1,93.0,2023,4,Tuesday,False
Test home 1,123456,2023-04-19,2,109.0,2023,4,Wednesday,False
Test home 1,123456,2023-04-20,3,95.0,2023,4,Thursday,False
Test home 1,123456,2023-04-21,4,251.0,2023,4,Friday,False
Test home 1,123456,2023-04-22,5,259.0,2023,4,Saturday,True
Test home 1,123456,2023-04-23,6,159.0,2023,4,Sunday,True
Test home 1,123456,2023-04-24,0,159.0,2023,4,Monday,False
Test home 1,123456,2023-04-25,1,254.0,2023,4,Tuesday,False
Test home 1,123456,2023-04-26,2,220.0,2023,4,Wednesday,False
Test home 1,123456,2023-04-27,3,123.0,2023,4,Thursday,False
Test home 1,123456,2023-04-28,4,292.0,2023,4,Friday,False
Test home 1,123456,2023-04-29,5,403.0,2023,4,Saturday,True
Test home 1,123456,2023-04-30,6,289.0,2023,4,Sunday,True
Test home 1,123456,2023-05-01,0,100.0,2023,5,Monday,False
Test home 1,123456,2023-05-02,1,113.0,2023,5,Tuesday,False
Test home 1,123456,2023-05-03,2,109.0,2023,5,Wednesday,False
Test home 1,123456,2023-05-04,3,229.0,2023,5,Thursday,False
Test home 1,123456,2023-05-05,4,264.0,2023,5,Friday,False
Test home 1,123456,2023-05-06,5,274.0,2023,5,Saturday,True
Test home 1,123456,2023-05-07,6,159.0,2023,5,Sunday,True
Test home 1,123456,2023-05-08,0,129.0,2023,5,Monday,False
Test home 1,123456,2023-05-09,1,99.0,2023,5,Tuesday,False
Test home 1,123456,2023-05-10,2,99.0,2023,5,Wednesday,False
Test home 1,123456,2023-05-11,3,99.0,2023,5,Thursday,False
Test home 1,123456,2023-05-12,4,149.0,2023,5,Friday,False
Test home 1,123456,2023-05-13,5,188.0,2023,5,Saturday,True
Test home 1,123456,2023-05-14,6,119.0,2023,5,Sunday,True
Test home 1,123456,2023-05-15,0,119.0,2023,5,Monday,False
Test home 1,123456,2023-05-16,1,119.0,2023,5,Tuesday,False
Test home 1,123456,2023-05-17,2,129.0,2023,5,Wednesday,False
Test home 1,123456,2023-05-18,3,139.0,2023,5,Thursday,False
Test home 1,123456,2023-05-19,4,365.0,2023,5,Friday,False
Test home 1,123456,2023-05-20,5,360.0,2023,5,Saturday,True
Test home 1,123456,2023-05-21,6,197.0,2023,5,Sunday,True
Test home 1,123456,2023-05-22,0,142.0,2023,5,Monday,False
Test home 1,123456,2023-05-23,1,144.0,2023,5,Tuesday,False
Test home 1,123456,2023-05-24,2,151.0,2023,5,Wednesday,False
Test home 1,123456,2023-05-25,3,152.0,2023,5,Thursday,False
Test home 1,123456,2023-05-26,4,179.0,2023,5,Friday,False
Test home 1,123456,2023-05-27,5,195.0,2023,5,Saturday,True
Test home 1,123456,2023-05-28,6,109.0,2023,5,Sunday,True
Test home 1,123456,2023-05-29,0,115.0,2023,5,Monday,False
Test home 1,123456,2023-05-30,1,90.0,2023,5,Tuesday,False
Test home 1,123456,2023-05-31,2,80.0,2023,5,Wednesday,False
Test home 1,123456,2023-06-01,3,161.0,2023,6,Thursday,False
Test home 1,123456,2023-06-02,4,324.0,2023,6,Friday,False
Test home 1,123456,2023-06-03,5,327.0,2023,6,Saturday,True
Test home 1,123456,2023-06-04,6,119.0,2023,6,Sunday,True
Test home 1,123456,2023-06-05,0,119.0,2023,6,Monday,False
Test home 1,123456,2023-06-06,1,119.0,2023,6,Tuesday,False
Test home 1,123456,2023-06-07,2,119.0,2023,6,Wednesday,False
Test home 1,123456,2023-06-08,3,149.0,2023,6,Thursday,False
Test home 1,123456,2023-06-09,4,169.0,2023,6,Friday,False
Test home 1,123456,2023-06-10,5,149.0,2023,6,Saturday,True
Test home 1,123456,2023-06-11,6,119.0,2023,6,Sunday,True
Test home 1,123456,2023-06-12,0,121.0,2023,6,Monday,False
Test home 1,123456,2023-06-13,1,120.0,2023,6,Tuesday,False
Test home 1,123456,2023-06-14,2,125.0,2023,6,Wednesday,False
Test home 1,123456,2023-06-15,3,139.0,2023,6,Thursday,False
Test home 1,123456,2023-06-16,4,303.0,2023,6,Friday,False
Test home 1,123456,2023-06-17,5,310.0,2023,6,Saturday,True
Test home 1,123456,2023-06-18,6,149.0,2023,6,Sunday,True
Test home 1,123456,2023-06-19,0,159.0,2023,6,Monday,False
Test home 1,123456,2023-06-20,1,159.0,2023,6,Tuesday,False
Test home 1,123456,2023-06-21,2,159.0,2023,6,Wednesday,False
Test home 1,123456,2023-06-22,3,158.0,2023,6,Thursday,False
Test home 1,123456,2023-06-23,4,183.0,2023,6,Friday,False
Test home 1,123456,2023-06-24,5,197.0,2023,6,Saturday,True
Test home 1,123456,2023-06-25,6,141.0,2023,6,Sunday,True
Test home 1,123456,2023-06-26,0,132.0,2023,6,Monday,False
Test home 1,123456,2023-06-27,1,126.0,2023,6,Tuesday,False
Test home 1,123456,2023-06-28,2,132.0,2023,6,Wednesday,False
Test home 1,123456,2023-06-29,3,137.0,2023,6,Thursday,False
Test home 1,123456,2023-06-30,4,158.0,2023,6,Friday,False
Test home 1,123456,2023-07-01,5,153.0,2023,7,Saturday,True
Test home 1,123456,2023-07-02,6,124.0,2023,7,Sunday,True
Test home 1,123456,2023-07-03,0,119.0,2023,7,Monday,False
Test home 1,123456,2023-07-04,1,109.0,2023,7,Tuesday,False
Test home 1,123456,2023-07-05,2,119.0,2023,7,Wednesday,False
Test home 1,123456,2023-07-06,3,188.0,2023,7,Thursday,False
Test home 1,123456,2023-07-07,4,176.0,2023,7,Friday,False
Test home 1,123456,2023-07-08,5,175.0,2023,7,Saturday,True
Test home 1,123456,2023-07-09,6,119.0,2023,7,Sunday,True
Test home 1,123456,2023-07-10,0,119.0,2023,7,Monday,False
Test home 1,123456,2023-07-11,1,220.0,2023,7,Tuesday,False
Test home 1,123456,2023-07-12,2,173.0,2023,7,Wednesday,False
Test home 1,123456,2023-07-13,3,162.0,2023,7,Thursday,False
Test home 1,123456,2023-07-14,4,217.0,2023,7,Friday,False
Test home 1,123456,2023-07-15,5,223.0,2023,7,Saturday,True
Test home 1,123456,2023-07-16,6,99.0,2023,7,Sunday,True
Test home 1,123456,2023-07-17,0,192.0,2023,7,Monday,False
Test home 1,123456,2023-07-18,1,204.0,2023,7,Tuesday,False
Test home 1,123456,2023-07-19,2,200.0,2023,7,Wednesday,False
Test home 1,123456,2023-07-20,3,209.0,2023,7,Thursday,False
Test home 1,123456,2023-07-21,4,278.0,2023,7,Friday,False
Test home 1,123456,2023-07-22,5,219.0,2023,7,Saturday,True
Test home 1,123456,2023-07-23,6,180.0,2023,7,Sunday,True
Test home 1,123456,2023-07-24,0,195.0,2023,7,Monday,False
Test home 1,123456,2023-07-25,1,195.0,2023,7,Tuesday,False
Test home 1,123456,2023-07-26,2,164.0,2023,7,Wednesday,False
Test home 1,123456,2023-07-27,3,168.0,2023,7,Thursday,False
Test home 1,123456,2023-07-28,4,230.0,2023,7,Friday,False
Test home 1,123456,2023-07-29,5,167.0,2023,7,Saturday,True
Test home 1,123456,2023-07-30,6,144.0,2023,7,Sunday,True
Test home 1,123456,2023-07-31,0,75.0,2023,7,Monday,False
Test home 1,123456,2023-08-01,1,105.0,2023,8,Tuesday,False
Test home 1,123456,2023-08-02,2,181.0,2023,8,Wednesday,False
Test home 1,123456,2023-08-03,3,159.0,2023,8,Thursday,False
Test home 1,123456,2023-08-04,4,206.0,2023,8,Friday,False
Test home 1,123456,2023-08-05,5,201.0,2023,8,Saturday,True
Test home 1,123456,2023-08-06,6,198.0,2023,8,Sunday,True
Test home 1,123456,2023-08-07,0,189.0,2023,8,Monday,False
Test home 1,123456,2023-08-08,1,199.0,2023,8,Tuesday,False
Test home 1,123456,2023-08-09,2,239.0,2023,8,Wednesday,False
Test home 1,123456,2023-08-10,3,248.0,2023,8,Thursday,False
Test home 1,123456,2023-08-11,4,260.0,2023,8,Friday,False
Test home 1,123456,2023-08-12,5,267.0,2023,8,Saturday,True
Test home 1,123456,2023-08-13,6,219.0,2023,8,Sunday,True
Test home 1,123456,2023-08-14,0,219.0,2023,8,Monday,False
Test home 1,123456,2023-08-15,1,219.0,2023,8,Tuesday,False
Test home 1,123456,2023-08-16,2,219.0,2023,8,Wednesday,False
Test home 1,123456,2023-08-17,3,219.0,2023,8,Thursday,False
Test home 1,123456,2023-08-18,4,269.0,2023,8,Friday,False
Test home 1,123456,2023-08-19,5,249.0,2023,8,Saturday,True
Test home 1,123456,2023-08-20,6,195.0,2023,8,Sunday,True
Test home 1,123456,2023-08-21,0,194.0,2023,8,Monday,False
Test home 1,123456,2023-08-22,1,203.0,2023,8,Tuesday,False
Test home 1,123456,2023-08-23,2,201.0,2023,8,Wednesday,False
Test home 1,123456,2023-08-24,3,207.0,2023,8,Thursday,False
Test home 1,123456,2023-08-25,4,227.0,2023,8,Friday,False
Test home 1,123456,2023-08-26,5,228.0,2023,8,Saturday,True
Test home 1,123456,2023-08-27,6,129.0,2023,8,Sunday,True
Test home 1,123456,2023-08-28,0,115.0,2023,8,Monday,False
Test home 1,123456,2023-08-29,1,105.0,2023,8,Tuesday,False
Test home 1,123456,2023-08-30,2,121.0,2023,8,Wednesday,False
Test home 1,123456,2023-08-31,3,118.0,2023,8,Thursday,False
Test home 1,123456,2023-09-01,4,153.0,2023,9,Friday,False
Test home 1,123456,2023-09-02,5,151.0,2023,9,Saturday,True
Test home 1,123456,2023-09-03,6,127.0,2023,9,Sunday,True
Test home 1,123456,2023-09-04,0,130.0,2023,9,Monday,False
Test home 1,123456,2023-09-05,1,119.0,2023,9,Tuesday,False
Test home 1,123456,2023-09-06,2,119.0,2023,9,Wednesday,False
Test home 1,123456,2023-09-07,3,165.0,2023,9,Thursday,False
Test home 1,123456,2023-09-08,4,165.0,2023,9,Friday,False
Test home 1,123456,2023-09-09,5,167.0,2023,9,Saturday,True
Test home 1,123456,2023-09-10,6,145.0,2023,9,Sunday,True
Test home 1,123456,2023-09-11,0,126.0,2023,9,Monday,False
Test home 1,123456,2023-09-12,1,106.0,2023,9,Tuesday,False
Test home 1,123456,2023-09-13,2,119.0,2023,9,Wednesday,False
Test home 1,123456,2023-09-14,3,119.0,2023,9,Thursday,False
Test home 1,123456,2023-09-15,4,195.0,2023,9,Friday,False
Test home 1,123456,2023-09-16,5,195.0,2023,9,Saturday,True
Test home 1,123456,2023-09-17,6,130.0,2023,9,Sunday,True
Test home 1,123456,2023-09-18,0,150.0,2023,9,Monday,False
Test home 1,123456,2023-09-19,1,230.0,2023,9,Tuesday,False
Test home 1,123456,2023-09-20,2,238.0,2023,9,Wednesday,False
Test home 1,123456,2023-09-21,3,227.0,2023,9,Thursday,False
Test home 1,123456,2023-09-22,4,296.0,2023,9,Friday,False
Test home 1,123456,2023-09-23,5,294.0,2023,9,Saturday,True
Test home 1,123456,2023-09-24,6,130.0,2023,9,Sunday,True
Test home 1,123456,2023-09-25,0,130.0,2023,9,Monday,False
Test home 1,123456,2023-09-26,1,124.0,2023,9,Tuesday,False
Test home 1,123456,2023-09-27,2,128.0,2023,9,Wednesday,False
Test home 1,123456,2023-09-28,3,135.0,2023,9,Thursday,False
Test home 1,123456,2023-09-29,4,199.0,2023,9,Friday,False
Test home 1,123456,2023-09-30,5,194.0,2023,9,Saturday,True
Test home 1,123456,2023-10-01,6,164.0,2023,10,Sunday,True
Test home 1,123456,2023-10-02,0,154.0,2023,10,Monday,False
Test home 1,123456,2023-10-03,1,139.0,2023,10,Tuesday,False
Test home 1,123456,2023-10-04,2,139.0,2023,10,Wednesday,False
Test home 1,123456,2023-10-05,3,184.0,2023,10,Thursday,False
Test home 1,123456,2023-10-06,4,304.0,2023,10,Friday,False
Test home 1,123456,2023-10-07,5,249.0,2023,10,Saturday,True
Test home 1,123456,2023-10-08,6,129.0,2023,10,Sunday,True
Test home 1,123456,2023-10-09,0,129.0,2023,10,Monday,False
Test home 1,123456,2023-10-10,1,115.0,2023,10,Tuesday,False
Test home 1,123456,2023-10-11,2,109.0,2023,10,Wednesday,False
Test home 1,123456,2023-10-12,3,129.0,2023,10,Thursday,False
Test home 1,123456,2023-10-13,4,249.0,2023,10,Friday,False
Test home 1,123456,2023-10-14,5,219.0,2023,10,Saturday,True
Test home 1,123456,2023-10-15,6,129.0,2023,10,Sunday,True
Test home 1,123456,2023-10-16,0,125.0,2023,10,Monday,False
Test home 1,123456,2023-10-17,1,115.0,2023,10,Tuesday,False
Test home 1,123456,2023-10-18,2,129.0,2023,10,Wednesday,False
Test home 1,123456,2023-10-19,3,169.0,2023,10,Thursday,False
Test home 1,123456,2023-10-20,4,239.0,2023,10,Friday,False
Test home 1,123456,2023-10-21,5,249.0,2023,10,Saturday,True
Test home 1,123456,2023-10-22,6,249.0,2023,10,Sunday,True
Test home 1,123456,2023-10-25,2,534.0,2023,10,Wednesday,False
Test home 1,123456,2023-10-26,3,509.0,2023,10,Thursday,False
Test home 1,123456,2023-10-27,4,269.0,2023,10,Friday,False
Test home 1,123456,2023-10-28,5,279.0,2023,10,Saturday,True
Test home 1,123456,2023-10-29,6,144.0,2023,10,Sunday,True
Test home 1,123456,2023-10-30,0,149.0,2023,10,Monday,False
Test home 1,123456,2023-10-31,1,114.0,2023,10,Tuesday,False
Test home 1,123456,2023-11-01,2,219.0,2023,11,Wednesday,False
Test home 1,123456,2023-11-02,3,214.0,2023,11,Thursday,False
Test home 1,123456,2023-11-03,4,124.0,2023,11,Friday,False
Test home 1,123456,2023-11-04,5,124.0,2023,11,Saturday,True
Test home 1,123456,2023-11-05,6,125.0,2023,11,Sunday,True
Test home 1,123456,2023-11-06,0,204.0,2023,11,Monday,False
Test home 1,123456,2023-11-07,1,209.0,2023,11,Tuesday,False
Test home 1,123456,2023-11-08,2,219.0,2023,11,Wednesday,False
Test home 1,123456,2023-11-09,3,209.0,2023,11,Thursday,False
Test home 1,123456,2023-11-10,4,150.0,2023,11,Friday,False
Test home 1,123456,2023-11-11,5,150.0,2023,11,Saturday,True
Test home 1,123456,2023-11-12,6,89.0,2023,11,Sunday,True
Test home 1,123456,2023-11-13,0,79.0,2023,11,Monday,False
Test home 1,123456,2023-11-14,1,79.0,2023,11,Tuesday,False
Test home 1,123456,2023-11-15,2,79.0,2023,11,Wednesday,False
Test home 1,123456,2023-11-16,3,99.0,2023,11,Thursday,False
Test home 1,123456,2023-11-17,4,134.0,2023,11,Friday,False
Test home 1,123456,2023-11-18,5,139.0,2023,11,Saturday,True
Test home 1,123456,2023-11-19,6,79.0,2023,11,Sunday,True
Test home 1,123456,2023-11-20,0,85.0,2023,11,Monday,False
Test home 1,123456,2023-11-21,1,85.0,2023,11,Tuesday,False
Test home 1,123456,2023-11-22,2,75.0,2023,11,Wednesday,False
Test home 1,123456,2023-11-23,3,75.0,2023,11,Thursday,False
Test home 1,123456,2023-11-24,4,109.0,2023,11,Friday,False
Test home 1,123456,2023-11-25,5,109.0,2023,11,Saturday,True
Test home 1,123456,2023-11-26,6,84.0,2023,11,Sunday,True
Test home 1,123456,2023-11-27,0,75.0,2023,11,Monday,False
Test home 1,123456,2023-11-28,1,75.0,2023,11,Tuesday,False
Test home 1,123456,2023-11-29,2,75.0,2023,11,Wednesday,False
Test home 1,123456,2023-11-30,3,75.0,2023,11,Thursday,False
Test home 1,123456,2023-12-01,4,80.0,2023,12,Friday,False
Test home 1,123456,2023-12-02,5,90.0,2023,12,Saturday,True
Test home 1,123456,2023-12-03,6,70.0,2023,12,Sunday,True
Test home 1,123456,2023-12-04,0,70.0,2023,12,Monday,False
Test home 1,123456,2023-12-05,1,70.0,2023,12,Tuesday,False
Test home 1,123456,2023-12-06,2,75.0,2023,12,Wednesday,False
Test home 1,123456,2023-12-07,3,129.0,2023,12,Thursday,False
Test home 1,123456,2023-12-08,4,149.0,2023,12,Friday,False
Test home 1,123456,2023-12-09,5,109.0,2023,12,Saturday,True
Test home 1,123456,2023-12-10,6,75.0,2023,12,Sunday,True
Test home 1,123456,2023-12-11,0,75.0,2023,12,Monday,False
Test home 1,123456,2023-12-12,1,75.0,2023,12,Tuesday,False
Test home 1,123456,2023-12-13,2,75.0,2023,12,Wednesday,False
Test home 1,123456,2023-12-14,3,89.0,2023,12,Thursday,False
Test home 1,123456,2023-12-15,4,104.0,2023,12,Friday,False
Test home 1,123456,2023-12-16,5,109.0,2023,12,Saturday,True
Test home 1,123456,2023-12-17,6,75.0,2023,12,Sunday,True
Test home 1,123456,2023-12-18,0,70.0,2023,12,Monday,False
Test home 1,123456,2023-12-19,1,75.0,2023,12,Tuesday,False
Test home 1,123456,2023-12-20,2,75.0,2023,12,Wednesday,False
Test home 1,123456,2023-12-21,3,70.0,2023,12,Thursday,False
Test home 1,123456,2023-12-22,4,99.0,2023,12,Friday,False
Test home 1,123456,2023-12-23,5,119.0,2023,12,Saturday,True
Test home 1,123456,2023-12-24,6,134.0,2023,12,Sunday,True
Test home 1,123456,2023-12-25,0,134.0,2023,12,Monday,False
Test home 1,123456,2023-12-26,1,139.0,2023,12,Tuesday,False
Test home 1,123456,2023-12-27,2,139.0,2023,12,Wednesday,False
Test home 1,123456,2023-12-28,3,154.0,2023,12,Thursday,False
Test home 1,123456,2023-12-29,4,219.0,2023,12,Friday,False
Test home 1,123456,2023-12-30,5,259.0,2023,12,Saturday,True
Test home 1,123456,2023-12-31,6,334.0,2023,12,Sunday,True
Test home 1,123456,2023-12-31,6,409.0,2023,12,Sunday,True
Test home 1,123456,2024-01-01,0,189.0,2024,1,Monday,False
Test home 1,123456,2024-01-02,1,119.0,2024,1,Tuesday,False
Test home 1,123456,2024-01-03,2,99.0,2024,1,Wednesday,False
Test home 1,123456,2024-01-04,3,84.0,2024,1,Thursday,False
Test home 1,123456,2024-01-05,4,94.0,2024,1,Friday,False
Test home 1,123456,2024-01-06,5,99.0,2024,1,Saturday,True
Test home 1,123456,2024-01-07,6,79.0,2024,1,Sunday,True
Test home 1,123456,2024-01-08,0,75.0,2024,1,Monday,False
Test home 1,123456,2024-01-09,1,75.0,2024,1,Tuesday,False
Test home 1,123456,2024-01-10,2,75.0,2024,1,Wednesday,False
Test home 1,123456,2024-01-11,3,75.0,2024,1,Thursday,False
Test home 1,123456,2024-01-12,4,79.0,2024,1,Friday,False
Test home 1,123456,2024-01-13,5,89.0,2024,1,Saturday,True
Test home 1,123456,2024-01-14,6,75.0,2024,1,Sunday,True
Test home 1,123456,2024-01-15,0,79.0,2024,1,Monday,False
Test home 1,123456,2024-01-16,1,79.0,2024,1,Tuesday,False
Test home 1,123456,2024-01-17,2,85.0,2024,1,Wednesday,False
Test home 1,123456,2024-01-18,3,79.0,2024,1,Thursday,False
Test home 1,123456,2024-01-19,4,79.0,2024,1,Friday,False
Test home 1,123456,2024-01-20,5,84.0,2024,1,Saturday,True
Test home 1,123456,2024-01-21,6,75.0,2024,1,Sunday,True
Test home 1,123456,2024-01-22,0,75.0,2024,1,Monday,False
Test home 1,123456,2024-01-23,1,75.0,2024,1,Tuesday,False
Test home 1,123456,2024-01-24,2,79.0,2024,1,Wednesday,False
Test home 1,123456,2024-01-25,3,75.0,2024,1,Thursday,False
Test home 1,123456,2024-01-26,4,84.0,2024,1,Friday,False
Test home 1,123456,2024-01-27,5,94.0,2024,1,Saturday,True
Test home 1,123456,2024-01-28,6,84.0,2024,1,Sunday,True
Test home 1,123456,2024-01-29,0,104.0,2024,1,Monday,False
Test home 1,123456,2024-01-30,1,164.0,2024,1,Tuesday,False
Test home 1,123456,2024-01-31,2,169.0,2024,1,Wednesday,False
Test home 1,123456,2024-02-01,3,104.0,2024,2,Thursday,False
Test home 1,123456,2024-02-02,4,84.0,2024,2,Friday,False
Test home 1,123456,2024-02-03,5,84.0,2024,2,Saturday,True
Test home 1,123456,2024-02-04,6,99.0,2024,2,Sunday,True
Test home 1,123456,2024-02-05,0,75.0,2024,2,Monday,False
Test home 1,123456,2024-02-06,1,89.0,2024,2,Tuesday,False
Test home 1,123456,2024-02-07,2,75.0,2024,2,Wednesday,False
Test home 1,123456,2024-02-08,3,94.0,2024,2,Thursday,False
Test home 1,123456,2024-02-09,4,154.0,2024,2,Friday,False
Test home 1,123456,2024-02-10,5,144.0,2024,2,Saturday,True
Test home 1,123456,2024-02-11,6,94.0,2024,2,Sunday,True
Test home 1,123456,2024-02-12,0,94.0,2024,2,Monday,False
Test home 1,123456,2024-02-13,1,75.0,2024,2,Tuesday,False
Test home 1,123456,2024-02-14,2,104.0,2024,2,Wednesday,False
Test home 1,123456,2024-02-15,3,104.0,2024,2,Thursday,False
Test home 1,123456,2024-02-16,4,154.0,2024,2,Friday,False
Test home 1,123456,2024-02-17,5,149.0,2024,2,Saturday,True
Test home 1,123456,2024-02-18,6,99.0,2024,2,Sunday,True
Test home 1,123456,2024-02-19,0,99.0,2024,2,Monday,False
Test home 1,123456,2024-02-20,1,104.0,2024,2,Tuesday,False
Test home 1,123456,2024-02-21,2,99.0,2024,2,Wednesday,False
Test home 1,123456,2024-02-22,3,99.0,2024,2,Thursday,False
Test home 1,123456,2024-02-23,4,154.0,2024,2,Friday,False
Test home 1,123456,2024-02-24,5,154.0,2024,2,Saturday,True
Test home 1,123456,2024-02-25,6,319.0,2024,2,Sunday,True
Test home 1,123456,2024-02-26,0,309.0,2024,2,Monday,False
Test home 1,123456,2024-02-27,1,359.0,2024,2,Tuesday,False
Test home 1,123456,2024-02-28,2,229.0,2024,2,Wednesday,False
Test home 1,123456,2024-02-29,3,124.0,2024,2,Thursday,False
Test home 1,123456,2024-03-01,4,105.0,2024,3,Friday,False
Test home 1,123456,2024-03-02,5,119.0,2024,3,Saturday,True
Test home 1,123456,2024-03-03,6,85.0,2024,3,Sunday,True
Test home 1,123456,2024-03-04,0,85.0,2024,3,Monday,False
Test home 1,123456,2024-03-05,1,79.0,2024,3,Tuesday,False
Test home 1,123456,2024-03-06,2,104.0,2024,3,Wednesday,False
Test home 1,123456,2024-03-07,3,99.0,2024,3,Thursday,False
Test home 1,123456,2024-03-08,4,179.0,2024,3,Friday,False
Test home 1,123456,2024-03-09,5,189.0,2024,3,Saturday,True
Test home 1,123456,2024-03-10,6,99.0,2024,3,Sunday,True
Test home 1,123456,2024-03-11,0,84.0,2024,3,Monday,False
Test home 1,123456,2024-03-12,1,84.0,2024,3,Tuesday,False
Test home 1,123456,2024-03-13,2,79.0,2024,3,Wednesday,False
Test home 1,123456,2024-03-14,3,104.0,2024,3,Thursday,False
Test home 1,123456,2024-03-15,4,204.0,2024,3,Friday,False
Test home 1,123456,2024-03-16,5,199.0,2024,3,Saturday,True
Test home 1,123456,2024-03-17,6,179.0,2024,3,Sunday,True
Test home 1,123456,2024-03-18,0,115.0,2024,3,Monday,False
Test home 1,123456,2024-03-19,1,189.0,2024,3,Tuesday,False
Test home 1,123456,2024-03-20,2,95.0,2024,3,Wednesday,False
Test home 1,123456,2024-03-21,3,75.0,2024,3,Thursday,False
Test home 1,123456,2024-03-22,4,99.0,2024,3,Friday,False
Test home 1,123456,2024-03-23,5,129.0,2024,3,Saturday,True
Test home 1,123456,2024-03-24,6,94.0,2024,3,Sunday,True
Test home 1,123456,2024-03-25,0,119.0,2024,3,Monday,False
Test home 1,123456,2024-03-26,1,95.0,2024,3,Tuesday,False
Test home 1,123456,2024-03-27,2,89.0,2024,3,Wednesday,False
Test home 1,123456,2024-03-28,3,179.0,2024,3,Thursday,False
Test home 1,123456,2024-03-29,4,219.0,2024,3,Friday,False
Test home 1,123456,2024-03-30,5,239.0,2024,3,Saturday,True
Test home 1,123456,2024-03-31,6,154.0,2024,3,Sunday,True
Test home 1,123456,2024-04-01,0,124.0,2024,4,Monday,False
Test home 1,123456,2024-04-02,1,94.0,2024,4,Tuesday,False
Test home 1,123456,2024-04-03,2,95.0,2024,4,Wednesday,False
Test home 1,123456,2024-04-04,3,124.0,2024,4,Thursday,False
Test home 1,123456,2024-04-05,4,204.0,2024,4,Friday,False
Test home 1,123456,2024-04-06,5,209.0,2024,4,Saturday,True
Test home 1,123456,2024-04-07,6,155.0,2024,4,Sunday,True
Test home 1,123456,2024-04-08,0,159.0,2024,4,Monday,False
Test home 1,123456,2024-04-09,1,139.0,2024,4,Tuesday,False
Test home 1,123456,2024-04-10,2,174.0,2024,4,Wednesday,False
Test home 1,123456,2024-04-11,3,169.0,2024,4,Thursday,False
Test home 1,123456,2024-04-12,4,299.0,2024,4,Friday,False
Test home 1,123456,2024-04-13,5,309.0,2024,4,Saturday,True
Test home 1,123456,2024-04-14,6,189.0,2024,4,Sunday,True
Test home 1,123456,2024-04-15,0,130.0,2024,4,Monday,False
Test home 1,123456,2024-04-16,1,179.0,2024,4,Tuesday,False
Test home 1,123456,2024-04-17,2,204.0,2024,4,Wednesday,False
Test home 1,123456,2024-04-18,3,125.0,2024,4,Thursday,False
Test home 1,123456,2024-04-19,4,174.0,2024,4,Friday,False
Test home 1,123456,2024-04-20,5,194.0,2024,4,Saturday,True
Test home 1,123456,2024-04-21,6,119.0,2024,4,Sunday,True
Test home 1,123456,2024-04-22,0,224.0,2024,4,Monday,False
Test home 1,123456,2024-04-23,1,324.0,2024,4,Tuesday,False
Test home 1,123456,2024-04-24,2,309.0,2024,4,Wednesday,False
Test home 1,123456,2024-04-25,3,179.0,2024,4,Thursday,False
Test home 1,123456,2024-04-26,4,409.0,2024,4,Friday,False
Test home 1,123456,2024-04-27,5,424.0,2024,4,Saturday,True
Test home 1,123456,2024-04-28,6,184.0,2024,4,Sunday,True
Test home 1,123456,2024-04-29,0,169.0,2024,4,Monday,False
Test home 1,123456,2024-04-30,1,199.0,2024,4,Tuesday,False
Test home 1,123456,2024-05-01,2,149.0,2024,5,Wednesday,False
Test home 1,123456,2024-05-02,3,164.0,2024,5,Thursday,False
Test home 1,123456,2024-05-03,4,309.0,2024,5,Friday,False
Test home 1,123456,2024-05-04,5,329.0,2024,5,Saturday,True
Test home 1,123456,2024-05-05,6,134.0,2024,5,Sunday,True
Test home 1,123456,2024-05-06,0,174.0,2024,5,Monday,False
Test home 1,123456,2024-05-07,1,179.0,2024,5,Tuesday,False
Test home 1,123456,2024-05-08,2,279.0,2024,5,Wednesday,False
Test home 1,123456,2024-05-09,3,354.0,2024,5,Thursday,False
Test home 1,123456,2024-05-10,4,399.0,2024,5,Friday,False
Test home 1,123456,2024-05-11,5,389.0,2024,5,Saturday,True
Test home 1,123456,2024-05-12,6,119.0,2024,5,Sunday,True
Test home 1,123456,2024-05-13,0,154.0,2024,5,Monday,False
Test home 1,123456,2024-05-14,1,154.0,2024,5,Tuesday,False
Test home 1,123456,2024-05-15,2,125.0,2024,5,Wednesday,False
Test home 1,123456,2024-05-16,3,125.0,2024,5,Thursday,False
Test home 1,123456,2024-05-17,4,199.0,2024,5,Friday,False
Test home 1,123456,2024-05-18,5,324.0,2024,5,Saturday,True
Test home 1,123456,2024-05-19,6,279.0,2024,5,Sunday,True
Test home 1,123456,2024-05-20,0,219.0,2024,5,Monday,False
Test home 1,123456,2024-05-21,1,229.0,2024,5,Tuesday,False
Test home 1,123456,2024-05-22,2,234.0,2024,5,Wednesday,False
Test home 1,123456,2024-05-23,3,229.0,2024,5,Thursday,False
Test home 1,123456,2024-05-24,4,165.0,2024,5,Friday,False
Test home 1,123456,2024-05-25,5,259.0,2024,5,Saturday,True
Test home 1,123456,2024-05-26,6,155.0,2024,5,Sunday,True
Test home 1,123456,2024-05-27,0,155.0,2024,5,Monday,False
Test home 1,123456,2024-05-28,1,155.0,2024,5,Tuesday,False
Test home 1,123456,2024-05-29,2,155.0,2024,5,Wednesday,False
Test home 1,123456,2024-05-30,3,239.0,2024,5,Thursday,False
Test home 1,123456,2024-05-31,4,404.0,2024,5,Friday,False
Test home 1,123456,2024-06-01,5,424.0,2024,6,Saturday,True
Test home 1,123456,2024-06-02,6,209.0,2024,6,Sunday,True
Test home 1,123456,2024-06-03,0,199.0,2024,6,Monday,False
Test home 1,123456,2024-06-04,1,199.0,2024,6,Tuesday,False
Test home 1,123456,2024-06-05,2,199.0,2024,6,Wednesday,False
Test home 1,123456,2024-06-06,3,199.0,2024,6,Thursday,False
Test home 1,123456,2024-06-07,4,189.0,2024,6,Friday,False
Test home 1,123456,2024-06-08,5,175.0,2024,6,Saturday,True
Test home 1,123456,2024-06-09,6,135.0,2024,6,Sunday,True
Test home 1,123456,2024-06-10,0,209.0,2024,6,Monday,False
Test home 1,123456,2024-06-11,1,209.0,2024,6,Tuesday,False
Test home 1,123456,2024-06-12,2,209.0,2024,6,Wednesday,False
Test home 1,123456,2024-06-13,3,209.0,2024,6,Thursday,False
Test home 1,123456,2024-06-14,4,389.0,2024,6,Friday,False
Test home 1,123456,2024-06-15,5,384.0,2024,6,Saturday,True
Test home 1,123456,2024-06-16,6,189.0,2024,6,Sunday,True
Test home 1,123456,2024-06-17,0,139.0,2024,6,Monday,False
Test home 1,123456,2024-06-18,1,145.0,2024,6,Tuesday,False
Test home 1,123456,2024-06-19,2,145.0,2024,6,Wednesday,False
Test home 1,123456,2024-06-20,3,175.0,2024,6,Thursday,False
Test home 1,123456,2024-06-22,5,529.0,2024,6,Saturday,True
Test home 1,123456,2024-06-23,6,299.0,2024,6,Sunday,True
Test home 1,123456,2024-06-24,0,164.0,2024,6,Monday,False
Test home 1,123456,2024-06-25,1,159.0,2024,6,Tuesday,False
Test home 1,123456,2024-06-26,2,169.0,2024,6,Wednesday,False
Test home 1,123456,2024-06-27,3,169.0,2024,6,Thursday,False
Test home 1,123456,2024-06-28,4,174.0,2024,6,Friday,False
Test home 1,123456,2024-06-29,5,174.0,2024,6,Saturday,True
Test home 1,123456,2024-06-30,6,145.0,2024,6,Sunday,True
Test home 1,123456,2024-07-01,0,115.0,2024,7,Monday,False
Test home 1,123456,2024-07-02,1,115.0,2024,7,Tuesday,False
Test home 1,123456,2024-07-03,2,155.0,2024,7,Wednesday,False
Test home 1,123456,2024-07-04,3,179.0,2024,7,Thursday,False
Test home 1,123456,2024-07-05,4,234.0,2024,7,Friday,False
Test home 1,123456,2024-07-06,5,244.0,2024,7,Saturday,True
Test home 1,123456,2024-07-07,6,209.0,2024,7,Sunday,True
Test home 1,123456,2024-07-08,0,145.0,2024,7,Monday,False
Test home 1,123456,2024-07-09,1,139.0,2024,7,Tuesday,False
Test home 1,123456,2024-07-10,2,159.0,2024,7,Wednesday,False
Test home 1,123456,2024-07-11,3,164.0,2024,7,Thursday,False
Test home 1,123456,2024-07-12,4,229.0,2024,7,Friday,False
Test home 1,123456,2024-07-13,5,229.0,2024,7,Saturday,True
Test home 1,123456,2024-07-14,6,154.0,2024,7,Sunday,True
Test home 1,123456,2024-07-15,0,189.0,2024,7,Monday,False
Test home 1,123456,2024-07-16,1,189.0,2024,7,Tuesday,False
Test home 1,123456,2024-07-17,2,204.0,2024,7,Wednesday,False
Test home 1,123456,2024-07-18,3,204.0,2024,7,Thursday,False
Test home 1,123456,2024-07-19,4,179.0,2024,7,Friday,False
Test home 1,123456,2024-07-20,5,259.0,2024,7,Saturday,True
Test home 1,123456,2024-07-21,6,189.0,2024,7,Sunday,True
Test home 1,123456,2024-07-22,0,194.0,2024,7,Monday,False
Test home 1,123456,2024-07-23,1,179.0,2024,7,Tuesday,False
Test home 1,123456,2024-07-24,2,164.0,2024,7,Wednesday,False
Test home 1,123456,2024-07-25,3,159.0,2024,7,Thursday,False
Test home 1,123456,2024-07-26,4,159.0,2024,7,Friday,False
Test home 1,123456,2024-07-27,5,239.0,2024,7,Saturday,True
Test home 1,123456,2024-07-28,6,219.0,2024,7,Sunday,True
Test home 1,123456,2024-07-29,0,155.0,2024,7,Monday,False
Test home 1,123456,2024-07-30,1,135.0,2024,7,Tuesday,False
Test home 1,123456,2024-07-31,2,145.0,2024,7,Wednesday,False
Test home 1,123456,2024-08-01,3,154.0,2024,8,Thursday,False
Test home 1,123456,2024-08-02,4,289.0,2024,8,Friday,False
Test home 1,123456,2024-08-03,5,299.0,2024,8,Saturday,True
Test home 1,123456,2024-08-04,6,309.0,2024,8,Sunday,True
Test home 1,123456,2024-08-05,0,284.0,2024,8,Monday,False
Test home 1,123456,2024-08-06,1,289.0,2024,8,Tuesday,False
Test home 1,123456,2024-08-07,2,160.0,2024,8,Wednesday,False
Test home 1,123456,2024-08-08,3,204.0,2024,8,Thursday,False
Test home 1,123456,2024-08-09,4,264.0,2024,8,Friday,False
Test home 1,123456,2024-08-10,5,269.0,2024,8,Saturday,True
Test home 1,123456,2024-08-11,6,234.0,2024,8,Sunday,True
Test home 1,123456,2024-08-12,0,259.0,2024,8,Monday,False
Test home 1,123456,2024-08-13,1,239.0,2024,8,Tuesday,False
Test home 1,123456,2024-08-14,2,234.0,2024,8,Wednesday,False
Test home 1,123456,2024-08-15,3,254.0,2024,8,Thursday,False
Test home 1,123456,2024-08-16,4,264.0,2024,8,Friday,False
Test home 1,123456,2024-08-17,5,264.0,2024,8,Saturday,True
Test home 1,123456,2024-08-18,6,224.0,2024,8,Sunday,True
Test home 1,123456,2024-08-19,0,224.0,2024,8,Monday,False
Test home 1,123456,2024-08-20,1,219.0,2024,8,Tuesday,False
Test home 1,123456,2024-08-21,2,214.0,2024,8,Wednesday,False
Test home 1,123456,2024-08-22,3,229.0,2024,8,Thursday,False
Test home 1,123456,2024-08-23,4,254.0,2024,8,Friday,False
Test home 1,123456,2024-08-24,5,264.0,2024,8,Saturday,True
Test home 1,123456,2024-08-25,6,224.0,2024,8,Sunday,True
Test home 1,123456,2024-08-26,0,234.0,2024,8,Monday,False
Test home 1,123456,2024-08-27,1,239.0,2024,8,Tuesday,False
Test home 1,123456,2024-08-28,2,239.0,2024,8,Wednesday,False
Test home 1,123456,2024-08-29,3,239.0,2024,8,Thursday,False
Test home 1,123456,2024-08-30,4,264.0,2024,8,Friday,False
Test home 1,123456,2024-08-31,5,264.0,2024,8,Saturday,True
Test home 1,123456,2024-09-01,6,204.0,2024,9,Sunday,True
Test home 1,123456,2024-09-02,0,199.0,2024,9,Monday,False
Test home 1,123456,2024-09-03,1,199.0,2024,9,Tuesday,False
Test home 1,123456,2024-09-04,2,234.0,2024,9,Wednesday,False
Test home 1,123456,2024-09-05,3,364.0,2024,9,Thursday,False
Test home 1,123456,2024-09-06,4,414.0,2024,9,Friday,False
Test home 1,123456,2024-09-07,5,424.0,2024,9,Saturday,True
Test home 1,123456,2024-09-08,6,244.0,2024,9,Sunday,True
Test home 1,123456,2024-09-09,0,229.0,2024,9,Monday,False
Test home 1,123456,2024-09-10,1,219.0,2024,9,Tuesday,False
Test home 1,123456,2024-09-11,2,234.0,2024,9,Wednesday,False
Test home 1,123456,2024-09-12,3,289.0,2024,9,Thursday,False
Test home 1,123456,2024-09-13,4,439.0,2024,9,Friday,False
Test home 1,123456,2024-09-14,5,434.0,2024,9,Saturday,True
Test home 1,123456,2024-09-15,6,414.0,2024,9,Sunday,True
Test home 1,123456,2024-09-16,0,349.0,2024,9,Monday,False
Test home 1,123456,2024-09-17,1,314.0,2024,9,Tuesday,False
Test home 1,123456,2024-09-18,2,244.0,2024,9,Wednesday,False
Test home 1,123456,2024-09-19,3,259.0,2024,9,Thursday,False
Test home 1,123456,2024-09-20,4,319.0,2024,9,Friday,False
Test home 1,123456,2024-09-21,5,314.0,2024,9,Saturday,True
Test home 1,123456,2024-09-22,6,224.0,2024,9,Sunday,True
Test home 1,123456,2024-09-23,0,214.0,2024,9,Monday,False
Test home 1,123456,2024-09-24,1,219.0,2024,9,Tuesday,False
Test home 1,123456,2024-09-25,2,219.0,2024,9,Wednesday,False
Test home 1,123456,2024-09-26,3,249.0,2024,9,Thursday,False
Test home 1,123456,2024-09-27,4,294.0,2024,9,Friday,False
Test home 1,123456,2024-09-28,5,294.0,2024,9,Saturday,True
Test home 1,123456,2024-09-29,6,204.0,2024,9,Sunday,True
Test home 1,123456,2024-09-30,0,189.0,2024,9,Monday,False
Test home 1,123456,2024-10-01,1,204.0,2024,10,Tuesday,False
Test home 1,123456,2024-10-02,2,209.0,2024,10,Wednesday,False
Test home 1,123456,2024-10-03,3,234.0,2024,10,Thursday,False
Test home 1,123456,2024-10-04,4,289.0,2024,10,Friday,False
Test home 1,123456,2024-10-05,5,289.0,2024,10,Saturday,True
Test home 1,123456,2024-10-06,6,219.0,2024,10,Sunday,True
Test home 1,123456,2024-10-07,0,199.0,2024,10,Monday,False
Test home 1,123456,2024-10-08,1,199.0,2024,10,Tuesday,False
Test home 1,123456,2024-10-09,2,289.0,2024,10,Wednesday,False
Test home 1,123456,2024-10-10,3,289.0,2024,10,Thursday,False
Test home 1,123456,2024-10-11,4,289.0,2024,10,Friday,False
Test home 1,123456,2024-10-12,5,449.0,2024,10,Saturday,True
Test home 1,123456,2024-10-13,6,434.0,2024,10,Sunday,True
Test home 1,123456,2024-10-14,0,434.0,2024,10,Monday,False
Test home 1,123456,2024-10-15,1,434.0,2024,10,Tuesday,False
Test home 1,123456,2024-10-16,2,434.0,2024,10,Wednesday,False
Test home 1,123456,2024-10-17,3,434.0,2024,10,Thursday,False
Test home 1,123456,2024-10-18,4,434.0,2024,10,Friday,False
Test home 1,123456,2024-10-19,5,434.0,2024,10,Saturday,True
Test home 1,123456,2024-10-20,6,394.0,2024,10,Sunday,True
Test home 1,123456,2024-10-21,0,429.0,2024,10,Monday,False
Test home 1,123456,2024-10-22,1,389.0,2024,10,Tuesday,False
Test home 1,123456,2024-10-23,2,394.0,2024,10,Wednesday,False
Test home 1,123456,2024-10-24,3,389.0,2024,10,Thursday,False
Test home 1,123456,2024-10-25,4,419.0,2024,10,Friday,False
Test home 1,123456,2024-10-26,5,429.0,2024,10,Saturday,True
Test home 1,123456,2024-10-27,6,354.0,2024,10,Sunday,True
Test home 1,123456,2024-10-28,0,269.0,2024,10,Monday,False
Test home 1,123456,2024-10-29,1,274.0,2024,10,Tuesday,False
Test home 1,123456,2024-10-30,2,269.0,2024,10,Wednesday,False
Test home 1,123456,2024-10-31,3,269.0,2024,10,Thursday,False
Test home 1,123456,2024-11-01,4,279.0,2024,11,Friday,False
Test home 1,123456,2024-11-02,5,284.0,2024,11,Saturday,True
Test home 1,123456,2024-11-03,6,234.0,2024,11,Sunday,True
Test home 1,123456,2024-11-04,0,219.0,2024,11,Monday,False
Test home 1,123456,2024-11-05,1,209.0,2024,11,Tuesday,False
Test home 1,123456,2024-11-06,2,209.0,2024,11,Wednesday,False
Test home 1,123456,2024-11-07,3,219.0,2024,11,Thursday,False
Test home 1,123456,2024-11-08,4,254.0,2024,11,Friday,False
Test home 1,123456,2024-11-09,5,244.0,2024,11,Saturday,True
Test home 1,123456,2024-11-10,6,199.0,2024,11,Sunday,True
Test home 1,123456,2024-11-11,0,194.0,2024,11,Monday,False
Test home 1,123456,2024-11-12,1,194.0,2024,11,Tuesday,False
Test home 1,123456,2024-11-13,2,194.0,2024,11,Wednesday,False
Test home 1,123456,2024-11-14,3,199.0,2024,11,Thursday,False
Test home 1,123456,2024-11-15,4,244.0,2024,11,Friday,False
Test home 1,123456,2024-11-16,5,239.0,2024,11,Saturday,True
Test home 1,123456,2024-11-17,6,194.0,2024,11,Sunday,True
Test home 1,123456,2024-11-18,0,194.0,2024,11,Monday,False
Test home 1,123456,2024-11-19,1,199.0,2024,11,Tuesday,False
Test home 1,123456,2024-11-20,2,194.0,2024,11,Wednesday,False
Test home 1,123456,2024-11-21,3,209.0,2024,11,Thursday,False
Test home 1,123456,2024-11-22,4,244.0,2024,11,Friday,False
Test home 1,123456,2024-11-23,5,244.0,2024,11,Saturday,True
Test home 1,123456,2024-11-24,6,194.0,2024,11,Sunday,True
Test home 1,123456,2024-11-25,0,189.0,2024,11,Monday,False
Test home 1,123456,2024-11-26,1,194.0,2024,11,Tuesday,False
Test home 1,123456,2024-11-27,2,194.0,2024,11,Wednesday,False
Test home 1,123456,2024-11-28,3,219.0,2024,11,Thursday,False
Test home 1,123456,2024-11-29,4,244.0,2024,11,Friday,False
Test home 1,123456,2024-11-30,5,239.0,2024,11,Saturday,True
Test home 1,123456,2024-12-01,6,109.0,2024,12,Sunday,True
Test home 1,123456,2024-12-02,0,104.0,2024,12,Monday,False
Test home 1,123456,2024-12-03,1,104.0,2024,12,Tuesday,False
Test home 1,123456,2024-12-04,2,129.0,2024,12,Wednesday,False
Test home 1,123456,2024-12-05,3,159.0,2024,12,Thursday,False
Test home 1,123456,2024-12-06,4,159.0,2024,12,Friday,False
Test home 1,123456,2024-12-07,5,149.0,2024,12,Saturday,True
Test home 1,123456,2024-12-08,6,119.0,2024,12,Sunday,True
Test home 1,123456,2024-12-09,0,94.0,2024,12,Monday,False
Test home 1,123456,2024-12-10,1,94.0,2024,12,Tuesday,False
Test home 1,123456,2024-12-11,2,99.0,2024,12,Wednesday,False
Test home 1,123456,2024-12-12,3,114.0,2024,12,Thursday,False
Test home 1,123456,2024-12-13,4,124.0,2024,12,Friday,False
Test home 1,123456,2024-12-14,5,119.0,2024,12,Saturday,True
Test home 1,123456,2024-12-15,6,109.0,2024,12,Sunday,True
Test home 1,123456,2024-12-16,0,109.0,2024,12,Monday,False
Test home 1,123456,2024-12-17,1,109.0,2024,12,Tuesday,False
Test home 1,123456,2024-12-18,2,109.0,2024,12,Wednesday,False
Test home 1,123456,2024-12-19,3,124.0,2024,12,Thursday,False
Test home 1,123456,2024-12-20,4,154.0,2024,12,Friday,False
Test home 1,123456,2024-12-21,5,164.0,2024,12,Saturday,True
Test home 1,123456,2024-12-22,6,164.0,2024,12,Sunday,True
Test home 1,123456,2024-12-23,0,179.0,2024,12,Monday,False
Test home 1,123456,2024-12-24,1,344.0,2024,12,Tuesday,False
Test home 1,123456,2024-12-25,2,334.0,2024,12,Wednesday,False
Test home 1,123456,2024-12-26,3,324.0,2024,12,Thursday,False
Test home 1,123456,2024-12-27,4,259.0,2024,12,Friday,False
Test home 1,123456,2024-12-28,5,264.0,2024,12,Saturday,True
Test home 1,123456,2024-12-29,6,264.0,2024,12,Sunday,True
Test home 1,123456,2024-12-30,0,269.0,2024,12,Monday,False
Test home 1,123456,2024-12-31,1,534.0,2024,12,Tuesday,False
Test home 1,123456,2025-01-01,2,529.0,2025,1,Wednesday,False
Test home 1,123456,2025-01-02,3,264.0,2025,1,Thursday,False
Test home 1,123456,2025-01-03,4,154.0,2025,1,Friday,False
Test home 1,123456,2025-01-04,5,154.0,2025,1,Saturday,True
Test home 1,123456,2025-01-05,6,134.0,2025,1,Sunday,True
Test home 1,123456,2025-01-06,0,114.0,2025,1,Monday,False
Test home 1,123456,2025-01-07,1,104.0,2025,1,Tuesday,False
Test home 1,123456,2025-01-08,2,104.0,2025,1,Wednesday,False
Test home 1,123456,2025-01-09,3,109.0,2025,1,Thursday,False
Test home 1,123456,2025-01-10,4,124.0,2025,1,Friday,False
Test home 1,123456,2025-01-11,5,114.0,2025,1,Saturday,True
Test home 1,123456,2025-01-12,6,104.0,2025,1,Sunday,True
Test home 1,123456,2025-01-13,0,99.0,2025,1,Monday,False
Test home 1,123456,2025-01-14,1,99.0,2025,1,Tuesday,False
Test home 1,123456,2025-01-15,2,104.0,2025,1,Wednesday,False
Test home 1,123456,2025-01-16,3,109.0,2025,1,Thursday,False
Test home 1,123456,2025-01-17,4,124.0,2025,1,Friday,False
Test home 1,123456,2025-01-18,5,134.0,2025,1,Saturday,True
Test home 1,123456,2025-01-19,6,144.0,2025,1,Sunday,True
Test home 1,123456,2025-01-20,0,144.0,2025,1,Monday,False
Test home 1,123456,2025-01-21,1,149.0,2025,1,Tuesday,False
Test home 1,123456,2025-01-22,2,144.0,2025,1,Wednesday,False
Test home 1,123456,2025-01-23,3,129.0,2025,1,Thursday,False
Test home 1,123456,2025-01-24,4,139.0,2025,1,Friday,False
Test home 1,123456,2025-01-25,5,129.0,2025,1,Saturday,True
Test home 1,123456,2025-01-26,6,119.0,2025,1,Sunday,True
Test home 1,123456,2025-01-27,0,119.0,2025,1,Monday,False
Test home 1,123456,2025-01-28,1,124.0,2025,1,Tuesday,False
Test home 1,123456,2025-01-29,2,129.0,2025,1,Wednesday,False
Test home 1,123456,2025-01-30,3,129.0,2025,1,Thursday,False
Test home 1,123456,2025-01-31,4,149.0,2025,1,Friday,False
Test home 1,123456,2025-02-01,5,169.0,2025,2,Saturday,True
Test home 1,123456,2025-02-02,6,464.0,2025,2,Sunday,True
Test home 1,123456,2025-02-03,0,499.0,2025,2,Monday,False
Test home 1,123456,2025-02-04,1,479.0,2025,2,Tuesday,False
Test home 1,123456,2025-02-05,2,469.0,2025,2,Wednesday,False
Test home 1,123456,2025-02-06,3,459.0,2025,2,Thursday,False
Test home 1,123456,2025-02-07,4,414.0,2025,2,Friday,False
Test home 1,123456,2025-02-08,5,384.0,2025,2,Saturday,True
Test home 1,123456,2025-02-09,6,119.0,2025,2,Sunday,True
Test home 1,123456,2025-02-10,0,109.0,2025,2,Monday,False
Test home 1,123456,2025-02-11,1,114.0,2025,2,Tuesday,False
Test home 1,123456,2025-02-12,2,124.0,2025,2,Wednesday,False
Test home 1,123456,2025-02-13,3,144.0,2025,2,Thursday,False
Test home 1,123456,2025-02-14,4,189.0,2025,2,Friday,False
Test home 1,123456,2025-02-15,5,204.0,2025,2,Saturday,True
Test home 1,123456,2025-02-16,6,144.0,2025,2,Sunday,True
Test home 1,123456,2025-02-17,0,310.0,2025,2,Monday,False
Test home 1,123456,2025-02-18,1,310.0,2025,2,Tuesday,False
Test home 1,123456,2025-02-19,2,310.0,2025,2,Wednesday,False
Test home 1,123456,2025-02-20,3,310.0,2025,2,Thursday,False
Test home 1,123456,2025-02-21,4,388.0,2025,2,Friday,False
Test home 1,123456,2025-02-22,5,388.0,2025,2,Saturday,True
Test home 1,123456,2025-02-23,6,310.0,2025,2,Sunday,True
Test home 1,123456,2025-02-24,0,310.0,2025,2,Monday,False
Test home 1,123456,2025-02-25,1,310.0,2025,2,Tuesday,False
Test home 1,123456,2025-02-26,2,310.0,2025,2,Wednesday,False
Test home 1,123456,2025-02-27,3,310.0,2025,2,Thursday,False
Test home 1,123456,2025-02-28,4,388.0,2025,2,Friday,False
Test home 1,123456,2025-03-01,5,399.0,2025,3,Saturday,True
Test home 1,123456,2025-03-08,5,388.0,2025,3,Saturday,True
Test home 1,123456,2025-03-09,6,310.0,2025,3,Sunday,True
Test home 1,123456,2025-03-10,0,310.0,2025,3,Monday,False
Test home 1,123456,2025-03-11,1,310.0,2025,3,Tuesday,False
Test home 1,123456,2025-03-12,2,310.0,2025,3,Wednesday,False
Test home 1,123456,2025-03-13,3,310.0,2025,3,Thursday,False
Test home 1,123456,2025-03-14,4,388.0,2025,3,Friday,False
Test home 1,123456,2025-03-15,5,388.0,2025,3,Saturday,True
Test home 1,123456,2025-03-16,6,310.0,2025,3,Sunday,True
Test home 1,123456,2025-03-17,0,310.0,2025,3,Monday,False
Test home 1,123456,2025-03-18,1,310.0,2025,3,Tuesday,False
Test home 1,123456,2025-03-19,2,310.0,2025,3,Wednesday,False
Test home 1,123456,2025-03-20,3,310.0,2025,3,Thursday,False
Test home 1,123456,2025-03-21,4,388.0,2025,3,Friday,False
Test home 1,123456,2025-03-22,5,388.0,2025,3,Saturday,True
Test home 1,123456,2025-03-23,6,310.0,2025,3,Sunday,True
Test home 1,123456,2025-03-24,0,310.0,2025,3,Monday,False
Test home 1,123456,2025-03-25,1,310.0,2025,3,Tuesday,False
Test home 1,123456,2025-03-26,2,310.0,2025,3,Wednesday,False
Test home 1,123456,2025-03-27,3,310.0,2025,3,Thursday,False
Test home 1,123456,2025-03-28,4,388.0,2025,3,Friday,False
Test home 1,123456,2025-03-29,5,388.0,2025,3,Saturday,True
Test home 1,123456,2025-03-30,6,310.0,2025,3,Sunday,True
Test home 1,123456,2025-03-31,0,310.0,2025,3,Monday,False
Test home 1,123456,2025-04-01,1,310.0,2025,4,Tuesday,False
Test home 1,123456,2025-04-02,2,310.0,2025,4,Wednesday,False
Test home 1,123456,2025-04-03,3,310.0,2025,4,Thursday,False
Test home 1,123456,2025-04-04,4,388.0,2025,4,Friday,False
Test home 1,123456,2025-04-05,5,388.0,2025,4,Saturday,True
Test home 1,123456,2025-04-06,6,310.0,2025,4,Sunday,True
Test home 1,123456,2025-04-07,0,310.0,2025,4,Monday,False
Test home 1,123456,2025-04-08,1,310.0,2025,4,Tuesday,False
Test home 1,123456,2025-04-09,2,310.0,2025,4,Wednesday,False
Test home 1,123456,2025-04-10,3,310.0,2025,4,Thursday,False
Test home 1,123456,2025-04-11,4,388.0,2025,4,Friday,False
Test home 1,123456,2025-04-12,5,388.0,2025,4,Saturday,True
Test home 1,123456,2025-04-13,6,310.0,2025,4,Sunday,True
Test home 1,123456,2025-04-14,0,310.0,2025,4,Monday,False
Test home 1,123456,2025-04-15,1,310.0,2025,4,Tuesday,False
Test home 1,123456,2025-04-16,2,310.0,2025,4,Wednesday,False
Test home 1,123456,2025-04-17,3,310.0,2025,4,Thursday,False
Test home 1,123456,2025-04-18,4,388.0,2025,4,Friday,False
Test home 1,123456,2025-04-19,5,388.0,2025,4,Saturday,True
Test home 1,123456,2025-04-20,6,310.0,2025,4,Sunday,True
Test home 1,123456,2025-04-21,0,310.0,2025,4,Monday,False
Test home 1,123456,2025-04-22,1,310.0,2025,4,Tuesday,False
Test home 1,123456,2025-04-23,2,310.0,2025,4,Wednesday,False
Test home 1,123456,2025-04-24,3,310.0,2025,4,Thursday,False
Test home 1,123456,2025-04-25,4,388.0,2025,4,Friday,False
Test home 1,123456,2025-04-26,5,388.0,2025,4,Saturday,True
Test home 1,123456,2025-04-27,6,310.0,2025,4,Sunday,True
Test home 1,123456,2025-04-28,0,310.0,2025,4,Monday,False
Test home 1,123456,2025-04-29,1,310.0,2025,4,Tuesday,False
Test home 1,123456,2025-04-30,2,310.0,2025,4,Wednesday,False
Test home 1,123456,2025-05-01,3,310.0,2025,5,Thursday,False
Test home 1,123456,2025-05-02,4,388.0,2025,5,Friday,False
Test home 1,123456,2025-05-03,5,388.0,2025,5,Saturday,True
Test home 1,123456,2025-05-04,6,310.0,2025,5,Sunday,True
Test home 1,123456,2025-05-05,0,310.0,2025,5,Monday,False
Test home 1,123456,2025-05-06,1,310.0,2025,5,Tuesday,False
Test home 1,123456,2025-05-07,2,310.0,2025,5,Wednesday,False
Test home 1,123456,2025-05-08,3,310.0,2025,5,Thursday,False
Test home 1,123456,2025-05-09,4,388.0,2025,5,Friday,False
Test home 1,123456,2025-05-10,5,388.0,2025,5,Saturday,True
Test home 1,123456,2025-05-11,6,310.0,2025,5,Sunday,True
Test home 1,123456,2025-05-12,0,310.0,2025,5,Monday,False
Test home 1,123456,2025-05-13,1,310.0,2025,5,Tuesday,False
Test home 1,123456,2025-05-14,2,310.0,2025,5,Wednesday,False
Test home 1,123456,2025-05-15,3,310.0,2025,5,Thursday,False
Test home 1,123456,2025-05-16,4,388.0,2025,5,Friday,False
Test home 1,123456,2025-05-17,5,388.0,2025,5,Saturday,True
Test home 1,123456,2025-05-18,6,310.0,2025,5,Sunday,True
Test home 1,123456,2025-05-19,0,310.0,2025,5,Monday,False
Test home 1,123456,2025-05-20,1,310.0,2025,5,Tuesday,False
Test home 1,123456,2025-05-21,2,324.0,2025,5,Wednesday,False
Test home 1,123456,2025-05-22,3,310.0,2025,5,Thursday,False
Test home 1,123456,2025-05-23,4,388.0,2025,5,Friday,False
Test home 1,123456,2025-05-24,5,388.0,2025,5,Saturday,True
Test home 1,123456,2025-05-25,6,310.0,2025,5,Sunday,True
Test home 1,123456,2025-05-26,0,310.0,2025,5,Monday,False
Test home 1,123456,2025-05-27,1,310.0,2025,5,Tuesday,False
Test home 1,123456,2025-05-28,2,310.0,2025,5,Wednesday,False
Test home 1,123456,2025-05-29,3,369.0,2025,5,Thursday,False
Test home 1,123456,2025-05-30,4,399.0,2025,5,Friday,False
Test home 1,123456,2025-05-31,5,409.0,2025,5,Saturday,True
Test home 1,123456,2025-06-01,6,394.0,2025,6,Sunday,True
Test home 1,123456,2025-06-02,0,310.0,2025,6,Monday,False
Test home 1,123456,2025-06-03,1,310.0,2025,6,Tuesday,False
Test home 1,123456,2025-06-04,2,310.0,2025,6,Wednesday,False
Test home 1,123456,2025-06-05,3,314.0,2025,6,Thursday,False
Test home 1,123456,2025-06-06,4,388.0,2025,6,Friday,False
Test home 1,123456,2025-06-07,5,388.0,2025,6,Saturday,True
Test home 1,123456,2025-06-08,6,310.0,2025,6,Sunday,True
Test home 1,123456,2025-06-09,0,310.0,2025,6,Monday,False
Test home 1,123456,2025-06-10,1,329.0,2025,6,Tuesday,False
Test home 1,123456,2025-06-11,2,359.0,2025,6,Wednesday,False
Test home 1,123456,2025-06-12,3,369.0,2025,6,Thursday,False
Test home 1,123456,2025-06-13,4,388.0,2025,6,Friday,False
Test home 1,123456,2025-06-14,5,388.0,2025,6,Saturday,True
Test home 1,123456,2025-06-15,6,334.0,2025,6,Sunday,True
Test home 1,123456,2025-06-16,0,310.0,2025,6,Monday,False
Test home 1,123456,2025-06-17,1,310.0,2025,6,Tuesday,False
Test home 1,123456,2025-06-18,2,310.0,2025,6,Wednesday,False
Test home 1,123456,2025-06-19,3,310.0,2025,6,Thursday,False
Test home 1,123456,2025-06-20,4,388.0,2025,6,Friday,False
Test home 1,123456,2025-06-21,5,388.0,2025,6,Saturday,True
Test home 1,123456,2025-06-22,6,319.0,2025,6,Sunday,True
Test home 1,123456,2025-06-23,0,314.0,2025,6,Monday,False
Test home 1,123456,2025-06-24,1,310.0,2025,6,Tuesday,False
Test home 1,123456,2025-06-25,2,310.0,2025,6,Wednesday,False
Test home 1,123456,2025-06-26,3,310.0,2025,6,Thursday,False
Test home 1,123456,2025-06-27,4,388.0,2025,6,Friday,False
Test home 1,123456,2025-06-28,5,388.0,2025,6,Saturday,True
Test home 1,123456,2025-06-29,6,310.0,2025,6,Sunday,True
Test home 1,123456,2025-06-30,0,310.0,2025,6,Monday,False
Test home 1,123456,2025-07-01,1,310.0,2025,7,Tuesday,False
Test home 1,123456,2025-07-02,2,310.0,2025,7,Wednesday,False
Test home 1,123456,2025-07-03,3,310.0,2025,7,Thursday,False
Test home 1,123456,2025-07-04,4,388.0,2025,7,Friday,False
Test home 1,123456,2025-07-05,5,388.0,2025,7,Saturday,True
Test home 1,123456,2025-07-06,6,310.0,2025,7,Sunday,True
Test home 1,123456,2025-07-07,0,310.0,2025,7,Monday,False
Test home 1,123456,2025-07-08,1,310.0,2025,7,Tuesday,False
Test home 1,123456,2025-07-09,2,310.0,2025,7,Wednesday,False
Test home 1,123456,2025-07-10,3,310.0,2025,7,Thursday,False
Test home 1,123456,2025-07-11,4,388.0,2025,7,Friday,False
Test home 1,123456,2025-07-12,5,388.0,2025,7,Saturday,True
Test home 1,123456,2025-07-13,6,310.0,2025,7,Sunday,True
Test home 1,123456,2025-07-14,0,310.0,2025,7,Monday,False
Test home 1,123456,2025-07-15,1,310.0,2025,7,Tuesday,False
Test home 1,123456,2025-07-16,2,310.0,2025,7,Wednesday,False
Test home 1,123456,2025-07-17,3,310.0,2025,7,Thursday,False
Test home 1,123456,2025-07-18,4,388.0,2025,7,Friday,False
Test home 1,123456,2025-07-19,5,388.0,2025,7,Saturday,True
Test home 1,123456,2025-07-20,6,310.0,2025,7,Sunday,True
Test home 1,123456,2025-07-21,0,310.0,2025,7,Monday,False
Test home 1,123456,2025-07-22,1,310.0,2025,7,Tuesday,False
Test home 1,123456,2025-07-23,2,310.0,2025,7,Wednesday,False
Test home 1,123456,2025-07-24,3,310.0,2025,7,Thursday,False
Test home 1,123456,2025-07-25,4,388.0,2025,7,Friday,False
Test home 1,123456,2025-07-26,5,388.0,2025,7,Saturday,True
Test home 1,123456,2025-07-27,6,310.0,2025,7,Sunday,True
Test home 1,123456,2025-07-28,0,310.0,2025,7,Monday,False
Test home 1,123456,2025-07-29,1,310.0,2025,7,Tuesday,False
Test home 1,123456,2025-07-30,2,310.0,2025,7,Wednesday,False
Test home 1,123456,2025-07-31,3,310.0,2025,7,Thursday,False
Test home 1,123456,2025-08-01,4,388.0,2025,8,Friday,False
Test home 1,123456,2025-08-02,5,388.0,2025,8,Saturday,True
Test home 1,123456,2025-08-03,6,310.0,2025,8,Sunday,True
Test home 1,123456,2025-08-04,0,310.0,2025,8,Monday,False
Test home 1,123456,2025-08-05,1,310.0,2025,8,Tuesday,False
Test home 1,123456,2025-08-06,2,310.0,2025,8,Wednesday,False
Test home 1,123456,2025-08-07,3,310.0,2025,8,Thursday,False
Test home 1,123456,2025-08-08,4,388.0,2025,8,Friday,False
Test home 1,123456,2025-08-09,5,388.0,2025,8,Saturday,True
Test home 1,123456,2025-08-10,6,310.0,2025,8,Sunday,True
Test home 1,123456,2025-08-11,0,310.0,2025,8,Monday,False
Test home 1,123456,2025-08-12,1,310.0,2025,8,Tuesday,False
Test home 1,123456,2025-08-13,2,310.0,2025,8,Wednesday,False
Test home 1,123456,2025-08-14,3,310.0,2025,8,Thursday,False
Test home 1,123456,2025-08-15,4,388.0,2025,8,Friday,False
Test home 1,123456,2025-08-16,5,388.0,2025,8,Saturday,True
Test home 1,123456,2025-08-17,6,310.0,2025,8,Sunday,True
Test home 1,123456,2025-08-18,0,310.0,2025,8,Monday,False
Test home 1,123456,2025-08-19,1,310.0,2025,8,Tuesday,False
Test home 1,123456,2025-08-20,2,310.0,2025,8,Wednesday,False
Test home 1,123456,2025-08-21,3,310.0,2025,8,Thursday,False
Test home 1,123456,2025-08-22,4,388.0,2025,8,Friday,False
Test home 1,123456,2025-08-23,5,388.0,2025,8,Saturday,True
Test home 1,123456,2025-08-24,6,310.0,2025,8,Sunday,True
Test home 1,123456,2025-08-25,0,310.0,2025,8,Monday,False
Test home 1,123456,2025-08-26,1,310.0,2025,8,Tuesday,False
Test home 1,123456,2025-08-27,2,310.0,2025,8,Wednesday,False
Test home 1,123456,2025-08-28,3,310.0,2025,8,Thursday,False
Test home 1,123456,2025-08-29,4,388.0,2025,8,Friday,False
Test home 1,123456,2025-08-30,5,388.0,2025,8,Saturday,True
Test home 1,123456,2025-08-31,6,310.0,2025,8,Sunday,True
Test home 1,123456,2025-09-01,0,366.4820390163546,2025,9,Monday,False
Test home 1,123456,2025-09-02,1,378.5558680398823,2025,9,Tuesday,False
Test home 1,123456,2025-09-03,2,423.49763701875514,2025,9,Wednesday,False
Test home 1,123456,2025-09-04,3,432.1595572681522,2025,9,Thursday,False
Test home 1,123456,2025-09-05,4,378.2467024298906,2025,9,Friday,False
Test home 1,123456,2025-09-06,5,370.0256625487646,2025,9,Saturday,True
Test home 1,123456,2025-09-07,6,374.0794547857907,2025,9,Sunday,True
Test home 1,123456,2025-09-08,0,376.1054790270758,2025,9,Monday,False
Test home 1,123456,2025-09-09,1,385.5978105354335,2025,9,Tuesday,False
Test home 1,123456,2025-09-10,2,427.74540044051537,2025,9,Wednesday,False
Test home 1,123456,2025-09-11,3,433.48602796135157,2025,9,Thursday,False
Test home 1,123456,2025-09-12,4,376.6151914428688,2025,9,Friday,False
Test home 1,123456,2025-09-13,5,365.49222417325075,2025,9,Saturday,True
Test home 1,123456,2025-09-14,6,366.79259542604893,2025,9,Sunday,True
Test home 1,123456,2025-09-15,0,366.30325791773396,2025,9,Monday,False
Test home 1,123456,2025-09-16,1,373.6024065346681,2025,9,Tuesday,False
Test home 1,123456,2025-09-17,2,413.95528956045285,2025,9,Wednesday,False
Test home 1,123456,2025-09-18,3,418.3659824808516,2025,9,Thursday,False
Test home 1,123456,2025-09-19,4,360.6843715279506,2025,9,Friday,False
Test home 1,123456,2025-09-20,5,349.31068524115534,2025,9,Saturday,True
Test home 1,123456,2025-09-21,6,350.9465775864578,2025,9,Sunday,True
Test home 1,123456,2025-09-22,0,351.3896565487353,2025,9,Monday,False
Test home 1,123456,2025-09-23,1,360.2128445200809,2025,9,Tuesday,False
Test home 1,123456,2025-09-24,2,402.6602213953652,2025,9,Wednesday,False
Test home 1,123456,2025-09-25,3,409.6992581340854,2025,9,Thursday,False
Test home 1,123456,2025-09-26,4,355.1286737661038,2025,9,Friday,False
Test home 1,123456,2025-09-27,5,347.2842285497061,2025,9,Saturday,True
Test home 1,123456,2025-09-28,6,352.79142065483876,2025,9,Sunday,True
Test home 1,123456,2025-09-29,0,357.36193461297285,2025,9,Monday,False
Test home 1,123456,2025-09-30,1,370.47517402758695,2025,9,Tuesday,False
Test home 1,123456,2025-10-01,2,417.2764690499997,2025,10,Wednesday,False
Test home 1,123456,2025-10-02,3,428.6318011409467,2025,10,Thursday,False
Test home 1,123456,2025-10-03,4,378.23820990455516,2025,10,Friday,False
Test home 1,123456,2025-10-04,5,374.3321254968974,2025,10,Saturday,True
Test home 1,123456,2025-10-05,6,383.4445257233103,2025,10,Sunday,True
Test home 1,123456,2025-10-06,0,391.1997006610789,2025,10,Monday,False
Test home 1,123456,2025-10-07,1,406.99889656867697,2025,10,Tuesday,False
Test home 1,123456,2025-10-08,2,455.9203751877809,2025,10,Wednesday,False
Test home 1,123456,2025-10-09,3,468.7756843602292,2025,10,Thursday,False
Test home 1,123456,2025-10-10,4,419.2212671863339,2025,10,Friday,False
Test home 1,123456,2025-10-11,5,415.4676256465182,2025,10,Saturday,True
Test home 1,123456,2025-10-12,6,424.03492088825493,2025,10,Sunday,True
Test home 1,123456,2025-10-13,0,430.55178708982896,2025,10,Monday,False
Test home 1,123456,2025-10-14,1,444.4386357845677,2025,10,Tuesday,False
Test home 1,123456,2025-10-15,2,490.80700260855053,2025,10,Wednesday,False
Test home 1,123456,2025-10-16,3,500.5147584057013,2025,10,Thursday,False
Test home 1,123456,2025-10-17,4,447.2763471907557,2025,10,Friday,False
Test home 1,123456,2025-10-18,5,439.3703103040192,2025,10,Saturday,True
Test home 1,123456,2025-10-19,6,443.39302912795546,2025,10,Sunday,True
Test home 1,123456,2025-10-20,0,445.05551868186103,2025,10,Monday,False
Test home 1,123456,2025-10-21,1,453.86460792904694,2025,10,Tuesday,False
Test home 1,123456,2025-10-22,2,495.0201195099795,2025,10,Wednesday,False
Test home 1,123456,2025-10-23,3,499.4679315939129,2025,10,Thursday,False
Test home 1,123456,2025-10-24,4,441.00814335613916,2025,10,Friday,False
Test home 1,123456,2025-10-25,5,428.0006589769031,2025,10,Saturday,True
Test home 1,123456,2025-10-26,6,427.1171730906547,2025,10,Sunday,True
Test home 1,123456,2025-10-27,0,424.13643415506624,2025,10,Monday,False
Test home 1,123456,2025-10-28,1,428.6241581373085,2025,10,Tuesday,False
Test home 1,123456,2025-10-29,2,465.82923325769514,2025,10,Wednesday,False
Test home 1,123456,2025-10-30,3,466.736117295225,2025,10,Thursday,False
Test home 1,123456,2025-10-31,4,405.17265815894086,2025,10,Friday,False
Test home 1,123456,2025-11-01,5,389.51565210676654,2025,11,Saturday,True
Test home 1,123456,2025-11-02,6,386.4431125062153,2025,11,Sunday,True
Test home 1,123456,2025-11-03,0,381.7301065134071,2025,11,Monday,False
Test home 1,123456,2025-11-04,1,384.9295046789732,2025,11,Tuesday,False
Test home 1,123456,2025-11-05,2,421.26924949632064,2025,11,Wednesday,False
Test home 1,123456,2025-11-06,3,421.70600354112634,2025,11,Thursday,False
Test home 1,123456,2025-11-07,4,360.0343622751591,2025,11,Friday,False
Test home 1,123456,2025-11-08,5,344.5938969824657,2025,11,Saturday,True
Test home 1,123456,2025-11-09,6,342.0229500972272,2025,11,Sunday,True
Test home 1,123456,2025-11-10,0,338.0559895619875,2025,11,Monday,False
Test home 1,123456,2025-11-11,1,342.2058179487621,2025,11,Tuesday,False
Test home 1,123456,2025-11-12,2,379.6621960826211,2025,11,Wednesday,False
Test home 1,123456,2025-11-13,3,381.3466999333731,2025,11,Thursday,False
Test home 1,123456,2025-11-14,4,321.0229596305181,2025,11,Friday,False
Test home 1,123456,2025-11-15,5,307.00451655892743,2025,11,Saturday,True
Test home 1,123456,2025-11-16,6,305.9091988564753,2025,11,Sunday,True
Test home 1,123456,2025-11-17,0,303.4568081670862,2025,11,Monday,False
Test home 1,123456,2025-11-18,1,309.1514080906958,2025,11,Tuesday,False
Test home 1,123456,2025-11-19,2,348.17977733603715,2025,11,Wednesday,False
Test home 1,123456,2025-11-20,3,351.4658579595106,2025,11,Thursday,False
Test home 1,123456,2025-11-21,4,292.78036704358226,2025,11,Friday,False
Test home 1,123456,2025-11-22,5,280.447834442932,2025,11,Saturday,True
Test home 1,123456,2025-11-23,6,281.0999998229754,2025,11,Sunday,True
Test home 1,123456,2025-11-24,0,280.47239985850547,2025,11,Monday,False
Test home 1,123456,2025-11-25,1,288.08547787844367,2025,11,Tuesday,False
Test home 1,123456,2025-11-26,2,329.1418232433662,2025,11,Wednesday,False
Test home 1,123456,2025-11-27,3,334.57941609658315,2025,11,Thursday,False
Test home 1,123456,2025-11-28,4,278.180090587186,2025,11,Friday,False
Test home 1,123456,2025-11-29,5,268.2755219703108,2025,11,Saturday,True
Test home 1,123456,2025-11-30,6,271.49971021628386,2025,11,Sunday,True
Test home 1,123456,2025-12-01,0,273.5848257681305,2025,12,Monday,False
Test home 1,123456,2025-12-02,1,284.04177872791695,2025,12,Tuesday,False
Test home 1,123456,2025-12-03,2,328.05714104577123,2025,12,Wednesday,False
Test home 1,123456,2025-12-04,3,336.5463122073734,2025,12,Thursday,False
Test home 1,123456,2025-12-05,4,283.26214844944695,2025,12,Friday,False
Test home 1,123456,2025-12-06,5,276.50135969504555,2025,12,Saturday,True
Test home 1,123456,2025-12-07,6,282.85763749518435,2025,12,Sunday,True
Test home 1,123456,2025-12-08,0,288.01836243809345,2025,12,Monday,False
Test home 1,123456,2025-12-09,1,301.446227819471,2025,12,Tuesday,False
Test home 1,123456,2025-12-10,2,348.2773781251375,2025,12,Wednesday,False
Test home 1,123456,2025-12-11,3,359.3759162309698,2025,12,Thursday,False
Test home 1,123456,2025-12-12,4,308.4439583466028,2025,12,Friday,False
Test home 1,123456,2025-12-13,5,303.7294967648209,2025,12,Saturday,True
Test home 1,123456,2025-12-14,6,311.7809878412336,2025,12,Sunday,True
Test home 1,123456,2025-12-15,0,318.24546751797345,2025,12,Monday,False
Test home 1,123456,2025-12-16,1,332.5514862079757,2025,12,Tuesday,False
Test home 1,123456,2025-12-17,2,379.80841921358854,2025,12,Wednesday,False
Test home 1,123456,2025-12-18,3,390.86196814792373,2025,12,Thursday,False
Test home 1,123456,2025-12-19,4,339.40499911634345,2025,12,Friday,False
Test home 1,123456,2025-12-20,5,333.6859506815081,2025,12,Saturday,True
Test home 1,123456,2025-12-21,6,340.26370910856457,2025,12,Sunday,True
Test home 1,123456,2025-12-22,0,344.805741023291,2025,12,Monday,False
Test home 1,123456,2025-12-23,1,356.77077130011594,2025,12,Tuesday,False
Test home 1,123456,2025-12-24,2,401.30756667249557,2025,12,Wednesday,False
Test home 1,123456,2025-12-25,3,409.3096530876633,2025,12,Thursday,False
Test home 1,123456,2025-12-26,4,354.525132978324,2025,12,Friday,False
Test home 1,123456,2025-12-27,5,345.2638631700858,2025,12,Saturday,True
Test home 1,123456,2025-12-28,6,348.15092504356085,2025,12,Sunday,True
Test home 1,123456,2025-12-29,0,348.9232166233823,2025,12,Monday,False
Test home 1,123456,2025-12-30,1,357.1104981530657,2025,12,Tuesday,False
Test home 1,123456,2025-12-31,2,397.93249826643876,2025,12,Wednesday,False
Test home 1,123456,2025-12-31,2,310.0,2025,12,Wednesday,False
